{
    "Type": "Live2D Expression",
    "Parameters": [
        {
            "Id": "ParamBrowAngleLeft",
            "Value": 1.0,
            "Blend": "Add"
        },
        {
            "Id": "ParamBrowAngleRight",
            "Value": 1.0,
            "Blend": "Add"
        },
        {
            "Id": "ParamBrowFormLeft",
            "Value": -1.0,
            "Blend": "Add"
        },
        {
            "Id": "ParamBrowFormRight",
            "Value": -1.0,
            "Blend": "Add"
        },
        {
            "Id": "exp18",
            "Value": 0.5458152890205383,
            "Blend": "Add"
        },
        {
            "Id": "exp22",
            "Value": 1.0,
            "Blend": "Add"
        }
    ]
}