{
	"Version": 3,
	"Meta": {
		"Duration": 2,
		"Fps": 30.0,
		"Loop": true,
		"AreBeziersRestricted": true,
		"CurveCount": 24,
		"TotalSegmentCount": 24,
		"TotalPointCount": 48,
		"UserDataCount": 0,
		"TotalUserDataSize": 0
	},
	"Curves": [
		{
			"Target": "Parameter",
			"Id": "exp24",
			"Segments": [
				0,
				0,
				0,
				2,
				30
			]
		},
		{
			"Target": "Parameter",
			"Id": "exp23",
			"Segments": [
				0,
				0,
				0,
				2,
				30
			]
		},
		{
			"Target": "Parameter",
			"Id": "Param_Angle_Rotation_1_ArtMesh196",
			"Segments": [
				0,
				4.077,
				0,
				2,
				4.077
			]
		},
		{
			"Target": "Parameter",
			"Id": "Param_Angle_Rotation_2_ArtMesh196",
			"Segments": [
				0,
				-8.112,
				0,
				2,
				-8.112
			]
		},
		{
			"Target": "Parameter",
			"Id": "Param_Angle_Rotation_3_ArtMesh196",
			"Segments": [
				0,
				4.465,
				0,
				2,
				4.465
			]
		},
		{
			"Target": "Parameter",
			"Id": "Param_Angle_Rotation_4_ArtMesh196",
			"Segments": [
				0,
				-0.83,
				0,
				2,
				-0.83
			]
		},
		{
			"Target": "Parameter",
			"Id": "Param_Angle_Rotation_5_ArtMesh196",
			"Segments": [
				0,
				-0.887,
				0,
				2,
				-0.887
			]
		},
		{
			"Target": "Parameter",
			"Id": "Param_Angle_Rotation_6_ArtMesh196",
			"Segments": [
				0,
				2.641,
				0,
				2,
				2.641
			]
		},
		{
			"Target": "Parameter",
			"Id": "Param_Angle_Rotation_1_ArtMesh207",
			"Segments": [
				0,
				0.532,
				0,
				2,
				0.532
			]
		},
		{
			"Target": "Parameter",
			"Id": "Param_Angle_Rotation_2_ArtMesh207",
			"Segments": [
				0,
				-1.064,
				0,
				2,
				-1.064
			]
		},
		{
			"Target": "Parameter",
			"Id": "Param_Angle_Rotation_3_ArtMesh207",
			"Segments": [
				0,
				-1.277,
				0,
				2,
				-1.277
			]
		},
		{
			"Target": "Parameter",
			"Id": "Param_Angle_Rotation_4_ArtMesh207",
			"Segments": [
				0,
				3.615,
				0,
				2,
				3.615
			]
		},
		{
			"Target": "Parameter",
			"Id": "Param_Angle_Rotation_5_ArtMesh207",
			"Segments": [
				0,
				5.386,
				0,
				2,
				5.386
			]
		},
		{
			"Target": "Parameter",
			"Id": "Param_Angle_Rotation_6_ArtMesh207",
			"Segments": [
				0,
				-9.011,
				0,
				2,
				-9.011
			]
		},
		{
			"Target": "Parameter",
			"Id": "Param_Angle_Rotation_7_ArtMesh207",
			"Segments": [
				0,
				-0.174,
				0,
				2,
				-0.174
			]
		},
		{
			"Target": "Parameter",
			"Id": "Param_Angle_Rotation_8_ArtMesh207",
			"Segments": [
				0,
				-1.647,
				0,
				2,
				-1.647
			]
		},
		{
			"Target": "Parameter",
			"Id": "Param_Angle_Rotation_9_ArtMesh207",
			"Segments": [
				0,
				-19.779,
				0,
				2,
				-19.779
			]
		},
		{
			"Target": "Parameter",
			"Id": "Param_Angle_Rotation_10_ArtMesh207",
			"Segments": [
				0,
				43.309,
				0,
				2,
				43.309
			]
		},
		{
			"Target": "Parameter",
			"Id": "Param_Angle_Rotation_11_ArtMesh207",
			"Segments": [
				0,
				-15.366,
				0,
				2,
				-15.366
			]
		},
		{
			"Target": "Parameter",
			"Id": "Param_Angle_Rotation_12_ArtMesh207",
			"Segments": [
				0,
				-5.583,
				0,
				2,
				-5.583
			]
		},
		{
			"Target": "Parameter",
			"Id": "Param_Angle_Rotation_13_ArtMesh207",
			"Segments": [
				0,
				-0.018,
				0,
				2,
				-0.018
			]
		},
		{
			"Target": "Parameter",
			"Id": "Param_Angle_Rotation_14_ArtMesh207",
			"Segments": [
				0,
				1.717,
				0,
				2,
				1.717
			]
		},
		{
			"Target": "Parameter",
			"Id": "Param_Angle_Rotation_15_ArtMesh207",
			"Segments": [
				0,
				-0.589,
				0,
				2,
				-0.589
			]
		},
		{
			"Target": "Parameter",
			"Id": "Param_Angle_Rotation_16_ArtMesh207",
			"Segments": [
				0,
				0.022,
				0,
				2,
				0.022
			]
		}
	]
}