{
	"Version": 3,
	"Parameters": [
		{
			"Id": "ParamAngleX",
			"GroupId": "ParamGroup2",
			"Name": "Angle X"
		},
		{
			"Id": "ParamAngleY",
			"GroupId": "ParamGroup2",
			"Name": "Angle Y"
		},
		{
			"Id": "ParamAngleZ",
			"GroupId": "ParamGroup2",
			"Name": "Angle Z"
		},
		{
			"Id": "ParamBodyAngleX",
			"GroupId": "ParamGroup2",
			"Name": "Body X"
		},
		{
			"Id": "ParamBodyAngleY",
			"GroupId": "ParamGroup2",
			"Name": "Body Y"
		},
		{
			"Id": "ParamBodyAngleZ",
			"GroupId": "ParamGroup2",
			"Name": "Body Z"
		},
		{
			"Id": "ParamEyeLOpen",
			"GroupId": "ParamGroup",
			"Name": "EyeL Open"
		},
		{
			"Id": "ParamEyeLSmile",
			"GroupId": "ParamGroup",
			"Name": "EyeL Smile"
		},
		{
			"Id": "ParamEyeROpen",
			"GroupId": "ParamGroup",
			"Name": "EyeR Open"
		},
		{
			"Id": "ParamEyeRSmile",
			"GroupId": "ParamGroup",
			"Name": "EyeR Smile"
		},
		{
			"Id": "ParamEyeSquintL",
			"GroupId": "ParamGroup",
			"Name": "Eye Squint L"
		},
		{
			"Id": "ParamEyeSquintR",
			"GroupId": "ParamGroup",
			"Name": "Eye Squint R"
		},
		{
			"Id": "ParamEyeBallX",
			"GroupId": "ParamGroup",
			"Name": "Eyeball X"
		},
		{
			"Id": "ParamEyeBallY",
			"GroupId": "ParamGroup",
			"Name": "Eyeball Y"
		},
		{
			"Id": "ParamEyelightX",
			"GroupId": "ParamGroup",
			"Name": "Eyelight X"
		},
		{
			"Id": "ParamEyelightY",
			"GroupId": "ParamGroup",
			"Name": "Eyelight Y"
		},
		{
			"Id": "ParamBrowLY",
			"GroupId": "ParamGroup",
			"Name": "BrowL Y"
		},
		{
			"Id": "ParamBrowRY",
			"GroupId": "ParamGroup",
			"Name": "BrowR Y"
		},
		{
			"Id": "ParamBrowAngleLeft",
			"GroupId": "ParamGroup",
			"Name": "Brow Angle Left"
		},
		{
			"Id": "ParamBrowAngleRight",
			"GroupId": "ParamGroup",
			"Name": "Brow Angle Right"
		},
		{
			"Id": "ParamBrowFormLeft",
			"GroupId": "ParamGroup",
			"Name": "Brow Form Left"
		},
		{
			"Id": "ParamBrowFormRight",
			"GroupId": "ParamGroup",
			"Name": "Brow Form Right"
		},
		{
			"Id": "ParamMouthForm",
			"GroupId": "ParamGroup",
			"Name": "Mouth Form"
		},
		{
			"Id": "ParamMouthOpenY",
			"GroupId": "ParamGroup",
			"Name": "Mouth Open"
		},
		{
			"Id": "TongueOut",
			"GroupId": "ParamGroup",
			"Name": "吐舌"
		},
		{
			"Id": "ParamMouthfunnel",
			"GroupId": "ParamGroup",
			"Name": "Mouth funnel"
		},
		{
			"Id": "ParamMouthPressLipOpen",
			"GroupId": "ParamGroup",
			"Name": "MouthPressLipOpen"
		},
		{
			"Id": "ParamMouthshrug",
			"GroupId": "ParamGroup",
			"Name": "Mouth shrug"
		},
		{
			"Id": "ParamMouthPuckerWiden",
			"GroupId": "ParamGroup",
			"Name": "Mouth Pucker Widen"
		},
		{
			"Id": "ParamJawOpen",
			"GroupId": "ParamGroup",
			"Name": "Jaw Open"
		},
		{
			"Id": "ParamMouthX",
			"GroupId": "ParamGroup",
			"Name": "Mouth X"
		},
		{
			"Id": "ParamCheek",
			"GroupId": "ParamGroup",
			"Name": "Cheek"
		},
		{
			"Id": "ParamBreath",
			"GroupId": "ParamGroup",
			"Name": "Breath"
		},
		{
			"Id": "exp1",
			"GroupId": "ParamGroup5",
			"Name": "血迹"
		},
		{
			"Id": "exp2",
			"GroupId": "ParamGroup5",
			"Name": "背手"
		},
		{
			"Id": "exp3",
			"GroupId": "ParamGroup5",
			"Name": "搭手"
		},
		{
			"Id": "exp4",
			"GroupId": "ParamGroup5",
			"Name": "爱心眼"
		},
		{
			"Id": "exp5",
			"GroupId": "ParamGroup5",
			"Name": "星星眼"
		},
		{
			"Id": "exp6",
			"GroupId": "ParamGroup5",
			"Name": "钱钱眼"
		},
		{
			"Id": "exp7",
			"GroupId": "ParamGroup5",
			"Name": "眯眯眼"
		},
		{
			"Id": "exp8",
			"GroupId": "ParamGroup5",
			"Name": "剪刀眼"
		},
		{
			"Id": "exp9",
			"GroupId": "ParamGroup5",
			"Name": "呆呆眼"
		},
		{
			"Id": "exp10",
			"GroupId": "ParamGroup5",
			"Name": "晕晕眼"
		},
		{
			"Id": "exp24",
			"GroupId": "ParamGroup5",
			"Name": "晕晕眼动画"
		},
		{
			"Id": "exp11",
			"GroupId": "ParamGroup5",
			"Name": "眼存在"
		},
		{
			"Id": "exp17",
			"GroupId": "ParamGroup5",
			"Name": "黑脸"
		},
		{
			"Id": "exp18",
			"GroupId": "ParamGroup5",
			"Name": "脸红"
		},
		{
			"Id": "exp19",
			"GroupId": "ParamGroup5",
			"Name": "生气"
		},
		{
			"Id": "exp20",
			"GroupId": "ParamGroup5",
			"Name": "！"
		},
		{
			"Id": "exp21",
			"GroupId": "ParamGroup5",
			"Name": "？"
		},
		{
			"Id": "exp22",
			"GroupId": "ParamGroup5",
			"Name": "哭"
		},
		{
			"Id": "exp23",
			"GroupId": "ParamGroup5",
			"Name": "哭动画"
		},
		{
			"Id": "exp12",
			"GroupId": "ParamGroup5",
			"Name": "拿鸡毛掸子"
		},
		{
			"Id": "exp13",
			"GroupId": "ParamGroup5",
			"Name": "拿砍刀"
		},
		{
			"Id": "exp14",
			"GroupId": "ParamGroup5",
			"Name": "拿扫帚"
		},
		{
			"Id": "exp15",
			"GroupId": "ParamGroup5",
			"Name": "左臂存在"
		},
		{
			"Id": "exp16",
			"GroupId": "ParamGroup5",
			"Name": "右臂存在"
		},
		{
			"Id": "exp25",
			"GroupId": "ParamGroup5",
			"Name": "恶魔"
		},
		{
			"Id": "exp26",
			"GroupId": "ParamGroup5",
			"Name": "卷发"
		},
		{
			"Id": "EyeL1",
			"GroupId": "ParamGroup3",
			"Name": "EyeL1"
		},
		{
			"Id": "EyeL2",
			"GroupId": "ParamGroup3",
			"Name": "EyeL2"
		},
		{
			"Id": "EyeL3",
			"GroupId": "ParamGroup3",
			"Name": "EyeL3"
		},
		{
			"Id": "EyeR1",
			"GroupId": "ParamGroup3",
			"Name": "EyeR1"
		},
		{
			"Id": "EyeR2",
			"GroupId": "ParamGroup3",
			"Name": "EyeR2"
		},
		{
			"Id": "EyeR3",
			"GroupId": "ParamGroup3",
			"Name": "EyeR3"
		},
		{
			"Id": "qian",
			"GroupId": "ParamGroup3",
			"Name": "钱钱眼左"
		},
		{
			"Id": "qian2",
			"GroupId": "ParamGroup3",
			"Name": "钱钱眼右"
		},
		{
			"Id": "MouthXEye",
			"GroupId": "ParamGroup3",
			"Name": "MouthXEye"
		},
		{
			"Id": "HairA1",
			"GroupId": "ParamGroup3",
			"Name": "HairA1"
		},
		{
			"Id": "HairA2",
			"GroupId": "ParamGroup3",
			"Name": "HairA2"
		},
		{
			"Id": "HairA3",
			"GroupId": "ParamGroup3",
			"Name": "HairA3"
		},
		{
			"Id": "HairA4",
			"GroupId": "ParamGroup3",
			"Name": "HairA4"
		},
		{
			"Id": "HairA5",
			"GroupId": "ParamGroup3",
			"Name": "HairA5"
		},
		{
			"Id": "HairA6",
			"GroupId": "ParamGroup3",
			"Name": "HairA6"
		},
		{
			"Id": "HairB1",
			"GroupId": "ParamGroup3",
			"Name": "HairB1"
		},
		{
			"Id": "HairB2",
			"GroupId": "ParamGroup3",
			"Name": "HairB2"
		},
		{
			"Id": "HairB3",
			"GroupId": "ParamGroup3",
			"Name": "HairB3"
		},
		{
			"Id": "HairB4",
			"GroupId": "ParamGroup3",
			"Name": "HairB4"
		},
		{
			"Id": "HairB5",
			"GroupId": "ParamGroup3",
			"Name": "HairB5"
		},
		{
			"Id": "HairB6",
			"GroupId": "ParamGroup3",
			"Name": "HairB6"
		},
		{
			"Id": "Accessories1",
			"GroupId": "ParamGroup3",
			"Name": "Accessories1"
		},
		{
			"Id": "Accessories2",
			"GroupId": "ParamGroup3",
			"Name": "Accessories2"
		},
		{
			"Id": "Accessories3",
			"GroupId": "ParamGroup3",
			"Name": "Accessories3"
		},
		{
			"Id": "Accessories4",
			"GroupId": "ParamGroup3",
			"Name": "Accessories4"
		},
		{
			"Id": "tdfs1",
			"GroupId": "ParamGroup3",
			"Name": "头顶发饰1"
		},
		{
			"Id": "tdfs2",
			"GroupId": "ParamGroup3",
			"Name": "头顶发饰2"
		},
		{
			"Id": "tdfs3",
			"GroupId": "ParamGroup3",
			"Name": "头顶发饰3"
		},
		{
			"Id": "tdfs4",
			"GroupId": "ParamGroup3",
			"Name": "头顶发饰4"
		},
		{
			"Id": "ershiL1",
			"GroupId": "ParamGroup3",
			"Name": "左耳饰1"
		},
		{
			"Id": "ershiL2",
			"GroupId": "ParamGroup3",
			"Name": "左耳饰2"
		},
		{
			"Id": "ershiL3",
			"GroupId": "ParamGroup3",
			"Name": "左耳饰3"
		},
		{
			"Id": "ershiL4",
			"GroupId": "ParamGroup3",
			"Name": "左耳饰4"
		},
		{
			"Id": "ershiR1",
			"GroupId": "ParamGroup3",
			"Name": "右耳饰1"
		},
		{
			"Id": "ershiR2",
			"GroupId": "ParamGroup3",
			"Name": "右耳饰2"
		},
		{
			"Id": "ershiR3",
			"GroupId": "ParamGroup3",
			"Name": "右耳饰3"
		},
		{
			"Id": "ershiR4",
			"GroupId": "ParamGroup3",
			"Name": "右耳饰4"
		},
		{
			"Id": "Chest1",
			"GroupId": "ParamGroup4",
			"Name": "Chest1"
		},
		{
			"Id": "Chest2",
			"GroupId": "ParamGroup4",
			"Name": "Chest2"
		},
		{
			"Id": "Chest3",
			"GroupId": "ParamGroup4",
			"Name": "Chest3"
		},
		{
			"Id": "Chest4",
			"GroupId": "ParamGroup4",
			"Name": "Chest4"
		},
		{
			"Id": "ArmR1",
			"GroupId": "ParamGroup4",
			"Name": "ArmR1"
		},
		{
			"Id": "ArmR2",
			"GroupId": "ParamGroup4",
			"Name": "ArmR2"
		},
		{
			"Id": "ArmR3",
			"GroupId": "ParamGroup4",
			"Name": "ArmR3"
		},
		{
			"Id": "ArmR4",
			"GroupId": "ParamGroup4",
			"Name": "ArmR4"
		},
		{
			"Id": "ClothesA1",
			"GroupId": "ParamGroup4",
			"Name": "ClothesA1"
		},
		{
			"Id": "ClothesA2",
			"GroupId": "ParamGroup4",
			"Name": "ClothesA2"
		},
		{
			"Id": "ClothesA3",
			"GroupId": "ParamGroup4",
			"Name": "ClothesA3"
		},
		{
			"Id": "ClothesA4",
			"GroupId": "ParamGroup4",
			"Name": "ClothesA4"
		},
		{
			"Id": "ClothesA5",
			"GroupId": "ParamGroup4",
			"Name": "ClothesA5"
		},
		{
			"Id": "ClothesA6",
			"GroupId": "ParamGroup4",
			"Name": "ClothesA6"
		},
		{
			"Id": "xiuzi1",
			"GroupId": "ParamGroup4",
			"Name": "袖子1"
		},
		{
			"Id": "xiuzi2",
			"GroupId": "ParamGroup4",
			"Name": "袖子2"
		},
		{
			"Id": "xiuzi3",
			"GroupId": "ParamGroup4",
			"Name": "袖子3"
		},
		{
			"Id": "xiuzi4",
			"GroupId": "ParamGroup4",
			"Name": "袖子4"
		},
		{
			"Id": "xiehuabian1",
			"GroupId": "ParamGroup4",
			"Name": "鞋花边1"
		},
		{
			"Id": "xiehuabian2",
			"GroupId": "ParamGroup4",
			"Name": "鞋花边2"
		},
		{
			"Id": "xiehuabian3",
			"GroupId": "ParamGroup4",
			"Name": "鞋花边3"
		},
		{
			"Id": "xiehuabian4",
			"GroupId": "ParamGroup4",
			"Name": "鞋花边4"
		},
		{
			"Id": "lkhdj1",
			"GroupId": "ParamGroup4",
			"Name": "领口蝴蝶结1"
		},
		{
			"Id": "lkhdj2",
			"GroupId": "ParamGroup4",
			"Name": "领口蝴蝶结2"
		},
		{
			"Id": "lkhdj3",
			"GroupId": "ParamGroup4",
			"Name": "领口蝴蝶结3"
		},
		{
			"Id": "lkhdj4",
			"GroupId": "ParamGroup4",
			"Name": "领口蝴蝶结4"
		},
		{
			"Id": "lkhdj5",
			"GroupId": "ParamGroup4",
			"Name": "领口蝴蝶结5"
		},
		{
			"Id": "chibang1",
			"GroupId": "ParamGroup4",
			"Name": "翅膀1"
		},
		{
			"Id": "chibang2",
			"GroupId": "ParamGroup4",
			"Name": "翅膀2"
		},
		{
			"Id": "chibang3",
			"GroupId": "ParamGroup4",
			"Name": "翅膀3"
		},
		{
			"Id": "chibang4",
			"GroupId": "ParamGroup4",
			"Name": "翅膀4"
		},
		{
			"Id": "chibang5",
			"GroupId": "ParamGroup4",
			"Name": "翅膀5"
		},
		{
			"Id": "chibang6",
			"GroupId": "ParamGroup4",
			"Name": "翅膀6"
		},
		{
			"Id": "qunhdj1",
			"GroupId": "ParamGroup4",
			"Name": "裙蝴蝶结1"
		},
		{
			"Id": "qunhdj2",
			"GroupId": "ParamGroup4",
			"Name": "裙蝴蝶结2"
		},
		{
			"Id": "qunhdj3",
			"GroupId": "ParamGroup4",
			"Name": "裙蝴蝶结3"
		},
		{
			"Id": "qunhdj4",
			"GroupId": "ParamGroup4",
			"Name": "裙蝴蝶结4"
		},
		{
			"Id": "lingzi1",
			"GroupId": "ParamGroup4",
			"Name": "领子1"
		},
		{
			"Id": "lingzi2",
			"GroupId": "ParamGroup4",
			"Name": "领子2"
		},
		{
			"Id": "lingzi3",
			"GroupId": "ParamGroup4",
			"Name": "领子3"
		},
		{
			"Id": "lingzi4",
			"GroupId": "ParamGroup4",
			"Name": "领子4"
		},
		{
			"Id": "Param_Angle_Rotation_1_ArtMesh117",
			"GroupId": "ParamGroup6",
			"Name": "[0]5"
		},
		{
			"Id": "Param_Angle_Rotation_2_ArtMesh117",
			"GroupId": "ParamGroup6",
			"Name": "[1]5"
		},
		{
			"Id": "Param_Angle_Rotation_3_ArtMesh117",
			"GroupId": "ParamGroup6",
			"Name": "[2]5"
		},
		{
			"Id": "Param_Angle_Rotation_4_ArtMesh117",
			"GroupId": "ParamGroup6",
			"Name": "[3]5"
		},
		{
			"Id": "Param_Angle_Rotation_5_ArtMesh117",
			"GroupId": "ParamGroup6",
			"Name": "[4]5"
		},
		{
			"Id": "Param_Angle_Rotation_6_ArtMesh117",
			"GroupId": "ParamGroup6",
			"Name": "[5]5"
		},
		{
			"Id": "Param_Angle_Rotation_7_ArtMesh117",
			"GroupId": "ParamGroup6",
			"Name": "[6]5"
		},
		{
			"Id": "Param_Angle_Rotation_1_ArtMesh118",
			"GroupId": "ParamGroup7",
			"Name": "[0]6"
		},
		{
			"Id": "Param_Angle_Rotation_2_ArtMesh118",
			"GroupId": "ParamGroup7",
			"Name": "[1]6"
		},
		{
			"Id": "Param_Angle_Rotation_3_ArtMesh118",
			"GroupId": "ParamGroup7",
			"Name": "[2]6"
		},
		{
			"Id": "Param_Angle_Rotation_4_ArtMesh118",
			"GroupId": "ParamGroup7",
			"Name": "[3]6"
		},
		{
			"Id": "Param_Angle_Rotation_5_ArtMesh118",
			"GroupId": "ParamGroup7",
			"Name": "[4]6"
		},
		{
			"Id": "Param_Angle_Rotation_6_ArtMesh118",
			"GroupId": "ParamGroup7",
			"Name": "[5]6"
		},
		{
			"Id": "Param_Angle_Rotation_7_ArtMesh118",
			"GroupId": "ParamGroup7",
			"Name": "[6]6"
		},
		{
			"Id": "Param_Angle_Rotation_1_ArtMesh115",
			"GroupId": "ParamGroup8",
			"Name": "[0]3"
		},
		{
			"Id": "Param_Angle_Rotation_2_ArtMesh115",
			"GroupId": "ParamGroup8",
			"Name": "[1]3"
		},
		{
			"Id": "Param_Angle_Rotation_3_ArtMesh115",
			"GroupId": "ParamGroup8",
			"Name": "[2]3"
		},
		{
			"Id": "Param_Angle_Rotation_4_ArtMesh115",
			"GroupId": "ParamGroup8",
			"Name": "[3]3"
		},
		{
			"Id": "Param_Angle_Rotation_5_ArtMesh115",
			"GroupId": "ParamGroup8",
			"Name": "[4]3"
		},
		{
			"Id": "Param_Angle_Rotation_1_ArtMesh116",
			"GroupId": "ParamGroup9",
			"Name": "[0]4"
		},
		{
			"Id": "Param_Angle_Rotation_2_ArtMesh116",
			"GroupId": "ParamGroup9",
			"Name": "[1]4"
		},
		{
			"Id": "Param_Angle_Rotation_3_ArtMesh116",
			"GroupId": "ParamGroup9",
			"Name": "[2]4"
		},
		{
			"Id": "Param_Angle_Rotation_4_ArtMesh116",
			"GroupId": "ParamGroup9",
			"Name": "[3]4"
		},
		{
			"Id": "Param_Angle_Rotation_5_ArtMesh116",
			"GroupId": "ParamGroup9",
			"Name": "[4]4"
		},
		{
			"Id": "Param_Angle_Rotation_1_ArtMesh113",
			"GroupId": "ParamGroup10",
			"Name": "[0]1"
		},
		{
			"Id": "Param_Angle_Rotation_2_ArtMesh113",
			"GroupId": "ParamGroup10",
			"Name": "[1]1"
		},
		{
			"Id": "Param_Angle_Rotation_3_ArtMesh113",
			"GroupId": "ParamGroup10",
			"Name": "[2]1"
		},
		{
			"Id": "Param_Angle_Rotation_4_ArtMesh113",
			"GroupId": "ParamGroup10",
			"Name": "[3]1"
		},
		{
			"Id": "Param_Angle_Rotation_5_ArtMesh113",
			"GroupId": "ParamGroup10",
			"Name": "[4]1"
		},
		{
			"Id": "Param_Angle_Rotation_1_ArtMesh114",
			"GroupId": "ParamGroup11",
			"Name": "[0]2"
		},
		{
			"Id": "Param_Angle_Rotation_2_ArtMesh114",
			"GroupId": "ParamGroup11",
			"Name": "[1]2"
		},
		{
			"Id": "Param_Angle_Rotation_3_ArtMesh114",
			"GroupId": "ParamGroup11",
			"Name": "[2]2"
		},
		{
			"Id": "Param_Angle_Rotation_4_ArtMesh114",
			"GroupId": "ParamGroup11",
			"Name": "[3]2"
		},
		{
			"Id": "Param_Angle_Rotation_5_ArtMesh114",
			"GroupId": "ParamGroup11",
			"Name": "[4]2"
		},
		{
			"Id": "Param_Angle_Rotation_1_ArtMesh119",
			"GroupId": "ParamGroup12",
			"Name": "[0]1"
		},
		{
			"Id": "Param_Angle_Rotation_2_ArtMesh119",
			"GroupId": "ParamGroup12",
			"Name": "[1]1"
		},
		{
			"Id": "Param_Angle_Rotation_3_ArtMesh119",
			"GroupId": "ParamGroup12",
			"Name": "[2]1"
		},
		{
			"Id": "Param_Angle_Rotation_4_ArtMesh119",
			"GroupId": "ParamGroup12",
			"Name": "[3]1"
		},
		{
			"Id": "Param_Angle_Rotation_5_ArtMesh119",
			"GroupId": "ParamGroup12",
			"Name": "[4]1"
		},
		{
			"Id": "Param_Angle_Rotation_1_ArtMesh120",
			"GroupId": "ParamGroup13",
			"Name": "[0]2"
		},
		{
			"Id": "Param_Angle_Rotation_2_ArtMesh120",
			"GroupId": "ParamGroup13",
			"Name": "[1]2"
		},
		{
			"Id": "Param_Angle_Rotation_3_ArtMesh120",
			"GroupId": "ParamGroup13",
			"Name": "[2]2"
		},
		{
			"Id": "Param_Angle_Rotation_4_ArtMesh120",
			"GroupId": "ParamGroup13",
			"Name": "[3]2"
		},
		{
			"Id": "Param_Angle_Rotation_5_ArtMesh120",
			"GroupId": "ParamGroup13",
			"Name": "[4]2"
		},
		{
			"Id": "Param_Angle_Rotation_1_ArtMesh121",
			"GroupId": "ParamGroup14",
			"Name": "[0]3"
		},
		{
			"Id": "Param_Angle_Rotation_2_ArtMesh121",
			"GroupId": "ParamGroup14",
			"Name": "[1]3"
		},
		{
			"Id": "Param_Angle_Rotation_3_ArtMesh121",
			"GroupId": "ParamGroup14",
			"Name": "[2]3"
		},
		{
			"Id": "Param_Angle_Rotation_4_ArtMesh121",
			"GroupId": "ParamGroup14",
			"Name": "[3]3"
		},
		{
			"Id": "Param_Angle_Rotation_5_ArtMesh121",
			"GroupId": "ParamGroup14",
			"Name": "[4]3"
		},
		{
			"Id": "Param_Angle_Rotation_1_ArtMesh122",
			"GroupId": "ParamGroup15",
			"Name": "[0]4"
		},
		{
			"Id": "Param_Angle_Rotation_2_ArtMesh122",
			"GroupId": "ParamGroup15",
			"Name": "[1]4"
		},
		{
			"Id": "Param_Angle_Rotation_3_ArtMesh122",
			"GroupId": "ParamGroup15",
			"Name": "[2]4"
		},
		{
			"Id": "Param_Angle_Rotation_4_ArtMesh122",
			"GroupId": "ParamGroup15",
			"Name": "[3]4"
		},
		{
			"Id": "Param_Angle_Rotation_5_ArtMesh122",
			"GroupId": "ParamGroup15",
			"Name": "[4]4"
		},
		{
			"Id": "Param_Angle_Rotation_1_ArtMesh123",
			"GroupId": "ParamGroup16",
			"Name": "[0]5"
		},
		{
			"Id": "Param_Angle_Rotation_2_ArtMesh123",
			"GroupId": "ParamGroup16",
			"Name": "[1]5"
		},
		{
			"Id": "Param_Angle_Rotation_3_ArtMesh123",
			"GroupId": "ParamGroup16",
			"Name": "[2]5"
		},
		{
			"Id": "Param_Angle_Rotation_4_ArtMesh123",
			"GroupId": "ParamGroup16",
			"Name": "[3]5"
		},
		{
			"Id": "Param_Angle_Rotation_5_ArtMesh123",
			"GroupId": "ParamGroup16",
			"Name": "[4]5"
		},
		{
			"Id": "Param_Angle_Rotation_6_ArtMesh119",
			"GroupId": "ParamGroup16",
			"Name": "[5]5"
		},
		{
			"Id": "Param_Angle_Rotation_7_ArtMesh119",
			"GroupId": "ParamGroup16",
			"Name": "[6]5"
		},
		{
			"Id": "Param_Angle_Rotation_1_ArtMesh124",
			"GroupId": "ParamGroup17",
			"Name": "[0]6"
		},
		{
			"Id": "Param_Angle_Rotation_2_ArtMesh124",
			"GroupId": "ParamGroup17",
			"Name": "[1]6"
		},
		{
			"Id": "Param_Angle_Rotation_3_ArtMesh124",
			"GroupId": "ParamGroup17",
			"Name": "[2]6"
		},
		{
			"Id": "Param_Angle_Rotation_4_ArtMesh124",
			"GroupId": "ParamGroup17",
			"Name": "[3]6"
		},
		{
			"Id": "Param_Angle_Rotation_5_ArtMesh124",
			"GroupId": "ParamGroup17",
			"Name": "[4]6"
		},
		{
			"Id": "Param_Angle_Rotation_6_ArtMesh120",
			"GroupId": "ParamGroup17",
			"Name": "[5]6"
		},
		{
			"Id": "Param_Angle_Rotation_7_ArtMesh120",
			"GroupId": "ParamGroup17",
			"Name": "[6]6"
		},
		{
			"Id": "Param_Angle_Rotation_1_ArtMesh196",
			"GroupId": "ParamGroup18",
			"Name": "[0]青"
		},
		{
			"Id": "Param_Angle_Rotation_2_ArtMesh196",
			"GroupId": "ParamGroup18",
			"Name": "[1]青"
		},
		{
			"Id": "Param_Angle_Rotation_3_ArtMesh196",
			"GroupId": "ParamGroup18",
			"Name": "[2]青"
		},
		{
			"Id": "Param_Angle_Rotation_4_ArtMesh196",
			"GroupId": "ParamGroup18",
			"Name": "[3]青"
		},
		{
			"Id": "Param_Angle_Rotation_5_ArtMesh196",
			"GroupId": "ParamGroup18",
			"Name": "[4]青"
		},
		{
			"Id": "Param_Angle_Rotation_6_ArtMesh196",
			"GroupId": "ParamGroup18",
			"Name": "[5]青"
		},
		{
			"Id": "Param_Angle_Rotation_7_ArtMesh196",
			"GroupId": "ParamGroup18",
			"Name": "[6]青"
		},
		{
			"Id": "Param_Angle_Rotation_1_ArtMesh197",
			"GroupId": "ParamGroup19",
			"Name": "[0]青"
		},
		{
			"Id": "Param_Angle_Rotation_2_ArtMesh197",
			"GroupId": "ParamGroup19",
			"Name": "[1]青"
		},
		{
			"Id": "Param_Angle_Rotation_3_ArtMesh197",
			"GroupId": "ParamGroup19",
			"Name": "[2]青"
		},
		{
			"Id": "Param_Angle_Rotation_4_ArtMesh197",
			"GroupId": "ParamGroup19",
			"Name": "[3]青"
		},
		{
			"Id": "Param_Angle_Rotation_5_ArtMesh197",
			"GroupId": "ParamGroup19",
			"Name": "[4]青"
		},
		{
			"Id": "Param_Angle_Rotation_6_ArtMesh197",
			"GroupId": "ParamGroup19",
			"Name": "[5]青"
		},
		{
			"Id": "Param_Angle_Rotation_7_ArtMesh197",
			"GroupId": "ParamGroup19",
			"Name": "[6]青"
		},
		{
			"Id": "Param_Angle_Rotation_1_ArtMesh207",
			"GroupId": "ParamGroup20",
			"Name": "[0]尾巴"
		},
		{
			"Id": "Param_Angle_Rotation_2_ArtMesh207",
			"GroupId": "ParamGroup20",
			"Name": "[1]尾巴"
		},
		{
			"Id": "Param_Angle_Rotation_3_ArtMesh207",
			"GroupId": "ParamGroup20",
			"Name": "[2]尾巴"
		},
		{
			"Id": "Param_Angle_Rotation_4_ArtMesh207",
			"GroupId": "ParamGroup20",
			"Name": "[3]尾巴"
		},
		{
			"Id": "Param_Angle_Rotation_5_ArtMesh207",
			"GroupId": "ParamGroup20",
			"Name": "[4]尾巴"
		},
		{
			"Id": "Param_Angle_Rotation_6_ArtMesh207",
			"GroupId": "ParamGroup20",
			"Name": "[5]尾巴"
		},
		{
			"Id": "Param_Angle_Rotation_7_ArtMesh207",
			"GroupId": "ParamGroup20",
			"Name": "[6]尾巴"
		},
		{
			"Id": "Param_Angle_Rotation_8_ArtMesh207",
			"GroupId": "ParamGroup20",
			"Name": "[7]尾巴"
		},
		{
			"Id": "Param_Angle_Rotation_9_ArtMesh207",
			"GroupId": "ParamGroup20",
			"Name": "[8]尾巴"
		},
		{
			"Id": "Param_Angle_Rotation_10_ArtMesh207",
			"GroupId": "ParamGroup20",
			"Name": "[9]尾巴"
		},
		{
			"Id": "Param_Angle_Rotation_11_ArtMesh207",
			"GroupId": "ParamGroup20",
			"Name": "[10]尾巴"
		},
		{
			"Id": "Param_Angle_Rotation_12_ArtMesh207",
			"GroupId": "ParamGroup20",
			"Name": "[11]尾巴"
		},
		{
			"Id": "Param_Angle_Rotation_13_ArtMesh207",
			"GroupId": "ParamGroup20",
			"Name": "[12]尾巴"
		},
		{
			"Id": "Param_Angle_Rotation_14_ArtMesh207",
			"GroupId": "ParamGroup20",
			"Name": "[13]尾巴"
		},
		{
			"Id": "Param_Angle_Rotation_15_ArtMesh207",
			"GroupId": "ParamGroup20",
			"Name": "[14]尾巴"
		},
		{
			"Id": "Param_Angle_Rotation_16_ArtMesh207",
			"GroupId": "ParamGroup20",
			"Name": "[15]尾巴"
		},
		{
			"Id": "Param_Angle_Rotation_17_ArtMesh207",
			"GroupId": "ParamGroup20",
			"Name": "[16]尾巴"
		},
		{
			"Id": "Param_Angle_Rotation_18_ArtMesh207",
			"GroupId": "ParamGroup20",
			"Name": "[17]尾巴"
		},
		{
			"Id": "Param_Angle_Rotation_19_ArtMesh207",
			"GroupId": "ParamGroup20",
			"Name": "[18]尾巴"
		},
		{
			"Id": "Param_Angle_Rotation_1_ArtMesh194",
			"GroupId": "ParamGroup21",
			"Name": "[0]粉3"
		},
		{
			"Id": "Param_Angle_Rotation_2_ArtMesh194",
			"GroupId": "ParamGroup21",
			"Name": "[1]粉3"
		},
		{
			"Id": "Param_Angle_Rotation_3_ArtMesh194",
			"GroupId": "ParamGroup21",
			"Name": "[2]粉3"
		},
		{
			"Id": "Param_Angle_Rotation_4_ArtMesh194",
			"GroupId": "ParamGroup21",
			"Name": "[3]粉3"
		},
		{
			"Id": "Param_Angle_Rotation_5_ArtMesh194",
			"GroupId": "ParamGroup21",
			"Name": "[4]粉3"
		},
		{
			"Id": "Param_Angle_Rotation_1_ArtMesh195",
			"GroupId": "ParamGroup22",
			"Name": "[0]粉4"
		},
		{
			"Id": "Param_Angle_Rotation_2_ArtMesh195",
			"GroupId": "ParamGroup22",
			"Name": "[1]粉4"
		},
		{
			"Id": "Param_Angle_Rotation_3_ArtMesh195",
			"GroupId": "ParamGroup22",
			"Name": "[2]粉4"
		},
		{
			"Id": "Param_Angle_Rotation_4_ArtMesh195",
			"GroupId": "ParamGroup22",
			"Name": "[3]粉4"
		},
		{
			"Id": "Param_Angle_Rotation_5_ArtMesh195",
			"GroupId": "ParamGroup22",
			"Name": "[4]粉4"
		},
		{
			"Id": "Param_Angle_Rotation_1_ArtMesh198",
			"GroupId": "ParamGroup23",
			"Name": "[0]粉3"
		},
		{
			"Id": "Param_Angle_Rotation_2_ArtMesh198",
			"GroupId": "ParamGroup23",
			"Name": "[1]粉3"
		},
		{
			"Id": "Param_Angle_Rotation_3_ArtMesh198",
			"GroupId": "ParamGroup23",
			"Name": "[2]粉3"
		},
		{
			"Id": "Param_Angle_Rotation_4_ArtMesh198",
			"GroupId": "ParamGroup23",
			"Name": "[3]粉3"
		},
		{
			"Id": "Param_Angle_Rotation_5_ArtMesh198",
			"GroupId": "ParamGroup23",
			"Name": "[4]粉3"
		},
		{
			"Id": "Param_Angle_Rotation_1_ArtMesh199",
			"GroupId": "ParamGroup24",
			"Name": "[0]粉4"
		},
		{
			"Id": "Param_Angle_Rotation_2_ArtMesh199",
			"GroupId": "ParamGroup24",
			"Name": "[1]粉4"
		},
		{
			"Id": "Param_Angle_Rotation_3_ArtMesh199",
			"GroupId": "ParamGroup24",
			"Name": "[2]粉4"
		},
		{
			"Id": "Param_Angle_Rotation_4_ArtMesh199",
			"GroupId": "ParamGroup24",
			"Name": "[3]粉4"
		},
		{
			"Id": "Param_Angle_Rotation_5_ArtMesh199",
			"GroupId": "ParamGroup24",
			"Name": "[4]粉4"
		},
		{
			"Id": "Param_Angle_Rotation_1_ArtMesh154",
			"GroupId": "ParamGroup25",
			"Name": "[0]4"
		},
		{
			"Id": "Param_Angle_Rotation_2_ArtMesh154",
			"GroupId": "ParamGroup25",
			"Name": "[1]4"
		},
		{
			"Id": "Param_Angle_Rotation_3_ArtMesh154",
			"GroupId": "ParamGroup25",
			"Name": "[2]4"
		},
		{
			"Id": "Param_Angle_Rotation_4_ArtMesh154",
			"GroupId": "ParamGroup25",
			"Name": "[3]4"
		},
		{
			"Id": "Param_Angle_Rotation_5_ArtMesh154",
			"GroupId": "ParamGroup25",
			"Name": "[4]4"
		},
		{
			"Id": "Param_Angle_Rotation_1_ArtMesh149",
			"GroupId": "ParamGroup26",
			"Name": "[0]1"
		},
		{
			"Id": "Param_Angle_Rotation_2_ArtMesh149",
			"GroupId": "ParamGroup26",
			"Name": "[1]1"
		},
		{
			"Id": "Param_Angle_Rotation_3_ArtMesh149",
			"GroupId": "ParamGroup26",
			"Name": "[2]1"
		},
		{
			"Id": "Param_Angle_Rotation_4_ArtMesh149",
			"GroupId": "ParamGroup26",
			"Name": "[3]1"
		},
		{
			"Id": "Param_Angle_Rotation_5_ArtMesh149",
			"GroupId": "ParamGroup26",
			"Name": "[4]1"
		},
		{
			"Id": "Param_Angle_Rotation_1_ArtMesh150",
			"GroupId": "ParamGroup27",
			"Name": "[0]2"
		},
		{
			"Id": "Param_Angle_Rotation_2_ArtMesh150",
			"GroupId": "ParamGroup27",
			"Name": "[1]2"
		},
		{
			"Id": "Param_Angle_Rotation_3_ArtMesh150",
			"GroupId": "ParamGroup27",
			"Name": "[2]2"
		},
		{
			"Id": "Param_Angle_Rotation_4_ArtMesh150",
			"GroupId": "ParamGroup27",
			"Name": "[3]2"
		},
		{
			"Id": "Param_Angle_Rotation_5_ArtMesh150",
			"GroupId": "ParamGroup27",
			"Name": "[4]2"
		},
		{
			"Id": "Param_Angle_Rotation_1_ArtMesh153",
			"GroupId": "ParamGroup28",
			"Name": "[0]3"
		},
		{
			"Id": "Param_Angle_Rotation_2_ArtMesh153",
			"GroupId": "ParamGroup28",
			"Name": "[1]3"
		},
		{
			"Id": "Param_Angle_Rotation_3_ArtMesh153",
			"GroupId": "ParamGroup28",
			"Name": "[2]3"
		},
		{
			"Id": "Param_Angle_Rotation_4_ArtMesh153",
			"GroupId": "ParamGroup28",
			"Name": "[3]3"
		},
		{
			"Id": "Param_Angle_Rotation_5_ArtMesh153",
			"GroupId": "ParamGroup28",
			"Name": "[4]3"
		},
		{
			"Id": "Param_Angle_Rotation_1_ArtMesh530",
			"GroupId": "ParamGroup29",
			"Name": "[0]5-1"
		},
		{
			"Id": "Param_Angle_Rotation_2_ArtMesh530",
			"GroupId": "ParamGroup29",
			"Name": "[1]5-1"
		},
		{
			"Id": "Param_Angle_Rotation_3_ArtMesh530",
			"GroupId": "ParamGroup29",
			"Name": "[2]5-1"
		},
		{
			"Id": "Param_Angle_Rotation_4_ArtMesh530",
			"GroupId": "ParamGroup29",
			"Name": "[3]5-1"
		},
		{
			"Id": "Param_Angle_Rotation_5_ArtMesh530",
			"GroupId": "ParamGroup29",
			"Name": "[4]5-1"
		},
		{
			"Id": "Param_Angle_Rotation_1_ArtMesh155",
			"GroupId": "ParamGroup30",
			"Name": "[0]5-2"
		},
		{
			"Id": "Param_Angle_Rotation_2_ArtMesh155",
			"GroupId": "ParamGroup30",
			"Name": "[1]5-2"
		},
		{
			"Id": "Param_Angle_Rotation_3_ArtMesh155",
			"GroupId": "ParamGroup30",
			"Name": "[2]5-2"
		},
		{
			"Id": "Param_Angle_Rotation_4_ArtMesh155",
			"GroupId": "ParamGroup30",
			"Name": "[3]5-2"
		},
		{
			"Id": "Param_Angle_Rotation_5_ArtMesh155",
			"GroupId": "ParamGroup30",
			"Name": "[4]5-2"
		},
		{
			"Id": "Param_Angle_Rotation_1_ArtMesh160",
			"GroupId": "ParamGroup31",
			"Name": "[0]6"
		},
		{
			"Id": "Param_Angle_Rotation_2_ArtMesh160",
			"GroupId": "ParamGroup31",
			"Name": "[1]6"
		},
		{
			"Id": "Param_Angle_Rotation_3_ArtMesh160",
			"GroupId": "ParamGroup31",
			"Name": "[2]6"
		},
		{
			"Id": "Param_Angle_Rotation_4_ArtMesh160",
			"GroupId": "ParamGroup31",
			"Name": "[3]6"
		},
		{
			"Id": "Param_Angle_Rotation_5_ArtMesh160",
			"GroupId": "ParamGroup31",
			"Name": "[4]6"
		},
		{
			"Id": "Param_Angle_Rotation_1_ArtMesh403",
			"GroupId": "ParamGroup32",
			"Name": "[0]7"
		},
		{
			"Id": "Param_Angle_Rotation_2_ArtMesh403",
			"GroupId": "ParamGroup32",
			"Name": "[1]7"
		},
		{
			"Id": "Param_Angle_Rotation_3_ArtMesh403",
			"GroupId": "ParamGroup32",
			"Name": "[2]7"
		},
		{
			"Id": "Param_Angle_Rotation_4_ArtMesh403",
			"GroupId": "ParamGroup32",
			"Name": "[3]7"
		},
		{
			"Id": "Param_Angle_Rotation_5_ArtMesh403",
			"GroupId": "ParamGroup32",
			"Name": "[4]7"
		},
		{
			"Id": "Param_Angle_Rotation_1_ArtMesh508",
			"GroupId": "ParamGroup33",
			"Name": "[0]扫帚"
		},
		{
			"Id": "Param_Angle_Rotation_2_ArtMesh508",
			"GroupId": "ParamGroup33",
			"Name": "[1]扫帚"
		},
		{
			"Id": "Param_Angle_Rotation_3_ArtMesh508",
			"GroupId": "ParamGroup33",
			"Name": "[2]扫帚"
		},
		{
			"Id": "Param_Angle_Rotation_4_ArtMesh508",
			"GroupId": "ParamGroup33",
			"Name": "[3]扫帚"
		},
		{
			"Id": "Param_Angle_Rotation_5_ArtMesh508",
			"GroupId": "ParamGroup33",
			"Name": "[4]扫帚"
		},
		{
			"Id": "Param_Angle_Rotation_6_ArtMesh508",
			"GroupId": "ParamGroup33",
			"Name": "[5]扫帚"
		},
		{
			"Id": "Param_Angle_Rotation_7_ArtMesh508",
			"GroupId": "ParamGroup33",
			"Name": "[6]扫帚"
		},
		{
			"Id": "Param_Angle_Rotation_8_ArtMesh508",
			"GroupId": "ParamGroup33",
			"Name": "[7]扫帚"
		},
		{
			"Id": "Param_Angle_Rotation_9_ArtMesh508",
			"GroupId": "ParamGroup33",
			"Name": "[8]扫帚"
		},
		{
			"Id": "Param_Angle_Rotation_10_ArtMesh508",
			"GroupId": "ParamGroup33",
			"Name": "[9]扫帚"
		},
		{
			"Id": "Param_Angle_Rotation_11_ArtMesh508",
			"GroupId": "ParamGroup33",
			"Name": "[10]扫帚"
		}
	],
	"ParameterGroups": [
		{
			"Id": "ParamGroup2",
			"GroupId": "",
			"Name": "Angle"
		},
		{
			"Id": "ParamGroup",
			"GroupId": "",
			"Name": "Other"
		},
		{
			"Id": "ParamGroup5",
			"GroupId": "",
			"Name": "exp"
		},
		{
			"Id": "ParamGroup3",
			"GroupId": "",
			"Name": "physics A"
		},
		{
			"Id": "ParamGroup4",
			"GroupId": "",
			"Name": "physics B"
		},
		{
			"Id": "ParamGroup6",
			"GroupId": "",
			"Name": "5"
		},
		{
			"Id": "ParamGroup7",
			"GroupId": "",
			"Name": "6"
		},
		{
			"Id": "ParamGroup8",
			"GroupId": "",
			"Name": "3"
		},
		{
			"Id": "ParamGroup9",
			"GroupId": "",
			"Name": "4"
		},
		{
			"Id": "ParamGroup10",
			"GroupId": "",
			"Name": "1"
		},
		{
			"Id": "ParamGroup11",
			"GroupId": "",
			"Name": "2"
		},
		{
			"Id": "ParamGroup12",
			"GroupId": "",
			"Name": "1"
		},
		{
			"Id": "ParamGroup13",
			"GroupId": "",
			"Name": "2"
		},
		{
			"Id": "ParamGroup14",
			"GroupId": "",
			"Name": "3"
		},
		{
			"Id": "ParamGroup15",
			"GroupId": "",
			"Name": "4"
		},
		{
			"Id": "ParamGroup16",
			"GroupId": "",
			"Name": "5"
		},
		{
			"Id": "ParamGroup17",
			"GroupId": "",
			"Name": "6"
		},
		{
			"Id": "ParamGroup18",
			"GroupId": "",
			"Name": "青"
		},
		{
			"Id": "ParamGroup19",
			"GroupId": "",
			"Name": "青"
		},
		{
			"Id": "ParamGroup20",
			"GroupId": "",
			"Name": "尾巴"
		},
		{
			"Id": "ParamGroup21",
			"GroupId": "",
			"Name": "粉3"
		},
		{
			"Id": "ParamGroup22",
			"GroupId": "",
			"Name": "粉4"
		},
		{
			"Id": "ParamGroup23",
			"GroupId": "",
			"Name": "粉3"
		},
		{
			"Id": "ParamGroup24",
			"GroupId": "",
			"Name": "粉4"
		},
		{
			"Id": "ParamGroup25",
			"GroupId": "",
			"Name": "4"
		},
		{
			"Id": "ParamGroup26",
			"GroupId": "",
			"Name": "1"
		},
		{
			"Id": "ParamGroup27",
			"GroupId": "",
			"Name": "2"
		},
		{
			"Id": "ParamGroup28",
			"GroupId": "",
			"Name": "3"
		},
		{
			"Id": "ParamGroup29",
			"GroupId": "",
			"Name": "5-1"
		},
		{
			"Id": "ParamGroup30",
			"GroupId": "",
			"Name": "5-2"
		},
		{
			"Id": "ParamGroup31",
			"GroupId": "",
			"Name": "6"
		},
		{
			"Id": "ParamGroup32",
			"GroupId": "",
			"Name": "7"
		},
		{
			"Id": "ParamGroup33",
			"GroupId": "",
			"Name": "扫帚"
		}
	],
	"Parts": [
		{
			"Id": "Part70",
			"Name": "手持"
		},
		{
			"Id": "Part",
			"Name": "头"
		},
		{
			"Id": "Part21",
			"Name": "上半身"
		},
		{
			"Id": "Part28",
			"Name": "下半身"
		},
		{
			"Id": "Part85",
			"Name": "拿刀"
		},
		{
			"Id": "Part71",
			"Name": "小臂"
		},
		{
			"Id": "Part72",
			"Name": "鸡毛掸子"
		},
		{
			"Id": "Part73",
			"Name": "砍刀"
		},
		{
			"Id": "ArtMesh508_Skinning",
			"Name": "扫帚(蒙皮)"
		},
		{
			"Id": "Part84",
			"Name": "扫帚(旋转)"
		},
		{
			"Id": "Part37",
			"Name": "表情"
		},
		{
			"Id": "Part2",
			"Name": "前发"
		},
		{
			"Id": "Part6",
			"Name": "脸"
		},
		{
			"Id": "Part11",
			"Name": "中发"
		},
		{
			"Id": "Part14",
			"Name": "领子"
		},
		{
			"Id": "Part15",
			"Name": "后发"
		},
		{
			"Id": "Part22",
			"Name": "右小臂"
		},
		{
			"Id": "Part25",
			"Name": "左小臂"
		},
		{
			"Id": "Part86",
			"Name": "拿刀后"
		},
		{
			"Id": "Part23",
			"Name": "右大臂"
		},
		{
			"Id": "Part24",
			"Name": "左大臂"
		},
		{
			"Id": "Part60",
			"Name": "左手臂"
		},
		{
			"Id": "Part27",
			"Name": "右手臂"
		},
		{
			"Id": "Part29",
			"Name": "裙子"
		},
		{
			"Id": "Part63",
			"Name": "恶魔"
		},
		{
			"Id": "Part34",
			"Name": "右腿"
		},
		{
			"Id": "Part35",
			"Name": "左腿"
		},
		{
			"Id": "L",
			"Name": "L"
		},
		{
			"Id": "R",
			"Name": "R"
		},
		{
			"Id": "ArtMesh149_Skinning",
			"Name": "1(蒙皮)"
		},
		{
			"Id": "Part77",
			"Name": "1(旋转)"
		},
		{
			"Id": "ArtMesh150_Skinning",
			"Name": "2(蒙皮)"
		},
		{
			"Id": "Part78",
			"Name": "2(旋转)"
		},
		{
			"Id": "ArtMesh153_Skinning",
			"Name": "3(蒙皮)"
		},
		{
			"Id": "Part79",
			"Name": "3(旋转)"
		},
		{
			"Id": "ArtMesh154_Skinning",
			"Name": "4(蒙皮)"
		},
		{
			"Id": "Part76",
			"Name": "4(旋转)"
		},
		{
			"Id": "ArtMesh530_Skinning",
			"Name": "5-1(蒙皮)"
		},
		{
			"Id": "Part80",
			"Name": "5-1(旋转)"
		},
		{
			"Id": "ArtMesh155_Skinning",
			"Name": "5-2(蒙皮)"
		},
		{
			"Id": "Part81",
			"Name": "5-2(旋转)"
		},
		{
			"Id": "ArtMesh160_Skinning",
			"Name": "6(蒙皮)"
		},
		{
			"Id": "Part82",
			"Name": "6(旋转)"
		},
		{
			"Id": "ArtMesh403_Skinning",
			"Name": "7(蒙皮)"
		},
		{
			"Id": "Part83",
			"Name": "7(旋转)"
		},
		{
			"Id": "Part12",
			"Name": "左蝴蝶结"
		},
		{
			"Id": "Part4",
			"Name": "右蝴蝶结"
		},
		{
			"Id": "Part38",
			"Name": "碎发左"
		},
		{
			"Id": "Part5",
			"Name": "碎发右"
		},
		{
			"Id": "Part36",
			"Name": "眉眼左"
		},
		{
			"Id": "Part7",
			"Name": "眉眼右"
		},
		{
			"Id": "Part9",
			"Name": "嘴"
		},
		{
			"Id": "Part3",
			"Name": "左耳"
		},
		{
			"Id": "Part40",
			"Name": "右耳"
		},
		{
			"Id": "Part43",
			"Name": "左"
		},
		{
			"Id": "Part42",
			"Name": "右"
		},
		{
			"Id": "Part59",
			"Name": "蝴蝶结"
		},
		{
			"Id": "Part13",
			"Name": "左"
		},
		{
			"Id": "Part16",
			"Name": "右"
		},
		{
			"Id": "Part18",
			"Name": "头饰后"
		},
		{
			"Id": "Part68",
			"Name": "袖前"
		},
		{
			"Id": "Part69",
			"Name": "袖后"
		},
		{
			"Id": "Part55",
			"Name": "袖前"
		},
		{
			"Id": "Part56",
			"Name": "袖后"
		},
		{
			"Id": "Part30",
			"Name": "（+1）"
		},
		{
			"Id": "Part31",
			"Name": "裙后"
		},
		{
			"Id": "Part57",
			"Name": "左蝴蝶结"
		},
		{
			"Id": "Part32",
			"Name": "右蝴蝶结"
		},
		{
			"Id": "Part33",
			"Name": "翅膀"
		},
		{
			"Id": "ArtMesh207_Skinning",
			"Name": "尾巴(蒙皮)"
		},
		{
			"Id": "Part58",
			"Name": "尾巴(旋转)"
		},
		{
			"Id": "Part8",
			"Name": "眼泪"
		},
		{
			"Id": "Part41",
			"Name": "卷1"
		},
		{
			"Id": "Part10",
			"Name": "卷2"
		},
		{
			"Id": "Part19",
			"Name": "上"
		},
		{
			"Id": "Part48",
			"Name": "左"
		},
		{
			"Id": "Part20",
			"Name": "右"
		},
		{
			"Id": "ArtMesh194_Skinning2",
			"Name": "粉3(蒙皮)"
		},
		{
			"Id": "Part66",
			"Name": "粉3(旋转)"
		},
		{
			"Id": "ArtMesh195_Skinning2",
			"Name": "粉4(蒙皮)"
		},
		{
			"Id": "Part67",
			"Name": "粉4(旋转)"
		},
		{
			"Id": "ArtMesh194_Skinning",
			"Name": "粉3(蒙皮)"
		},
		{
			"Id": "Part64",
			"Name": "粉3(旋转)"
		},
		{
			"Id": "ArtMesh195_Skinning",
			"Name": "粉4(蒙皮)"
		},
		{
			"Id": "Part65",
			"Name": "粉4(旋转)"
		},
		{
			"Id": "ArtMesh196_Skinning2",
			"Name": "青(蒙皮)"
		},
		{
			"Id": "Part61",
			"Name": "青(旋转)"
		},
		{
			"Id": "ArtMesh196_Skinning",
			"Name": "青(蒙皮)"
		},
		{
			"Id": "Part26",
			"Name": "青(旋转)"
		},
		{
			"Id": "ArtMesh113_Skinning2",
			"Name": "1(蒙皮)"
		},
		{
			"Id": "Part49",
			"Name": "1(旋转)"
		},
		{
			"Id": "ArtMesh114_Skinning2",
			"Name": "2(蒙皮)"
		},
		{
			"Id": "Part50",
			"Name": "2(旋转)"
		},
		{
			"Id": "ArtMesh115_Skinning2",
			"Name": "3(蒙皮)"
		},
		{
			"Id": "Part51",
			"Name": "3(旋转)"
		},
		{
			"Id": "ArtMesh116_Skinning2",
			"Name": "4(蒙皮)"
		},
		{
			"Id": "Part52",
			"Name": "4(旋转)"
		},
		{
			"Id": "ArtMesh117_Skinning2",
			"Name": "5(蒙皮)"
		},
		{
			"Id": "Part53",
			"Name": "5(旋转)"
		},
		{
			"Id": "ArtMesh118_Skinning2",
			"Name": "6(蒙皮)"
		},
		{
			"Id": "Part54",
			"Name": "6(旋转)"
		},
		{
			"Id": "ArtMesh113_Skinning",
			"Name": "1(蒙皮)"
		},
		{
			"Id": "Part46",
			"Name": "1(旋转)"
		},
		{
			"Id": "ArtMesh114_Skinning",
			"Name": "2(蒙皮)"
		},
		{
			"Id": "Part47",
			"Name": "2(旋转)"
		},
		{
			"Id": "ArtMesh115_Skinning",
			"Name": "3(蒙皮)"
		},
		{
			"Id": "Part44",
			"Name": "3(旋转)"
		},
		{
			"Id": "ArtMesh116_Skinning",
			"Name": "4(蒙皮)"
		},
		{
			"Id": "Part45",
			"Name": "4(旋转)"
		},
		{
			"Id": "ArtMesh117_Skinning",
			"Name": "5(蒙皮)"
		},
		{
			"Id": "Part17",
			"Name": "5(旋转)"
		},
		{
			"Id": "ArtMesh118_Skinning",
			"Name": "6(蒙皮)"
		},
		{
			"Id": "Part39",
			"Name": "6(旋转)"
		}
	]
}