{
	"Version": 3,
	"FileReferences": {
		"Moc": "芭弗.moc3",
		"Textures": [
			"芭弗.4096/texture_00.png",
			"芭弗.4096/texture_01.png",
			"芭弗.4096/texture_02.png"
		],
		"Physics": "芭弗.physics3.json",
		"DisplayInfo": "芭弗.cdi3.json",
        "MotionSync": "芭弗.motionsync3.json"
	},
	"Groups": [
		{
			"Target": "Parameter",
			"Name": "EyeBlink",
			"Ids": [
				"ParamEyeLOpen",
				"ParamEyeROpen"
			]
		},
		{
			"Target": "Parameter",
			"Name": "LipSync",
			"Ids": []
		}
	]
}
