{
	"Version": 3,
	"Meta": {
		"Duration": 4,
		"Fps": 60.00007247924805,
		"Loop": true,
		"AreBeziersRestricted": true,
		"CurveCount": 2,
		"TotalSegmentCount": 7,
		"TotalPointCount": 9,
		"UserDataCount": 0,
		"TotalUserDataSize": 0
	},
	"Curves": [
		{
			"Target": "Parameter",
			"Id": "tearR",
			"Segments": [
				0,
				0,
				0,
				1.767,
				1,
				0,
				3.567,
				2,
				0,
				4,
				2
			]
		},
		{
			"Target": "Parameter",
			"Id": "tearL",
			"Segments": [
				0,
				1,
				0,
				0.283,
				1,
				0,
				2.083,
				2,
				0,
				3.883,
				3,
				0,
				4,
				3
			]
		}
	]
}