{
	"Version": 3,
	"FileReferences": {
		"Moc": "栗子猫头鹰少年.moc3",
		"Textures": [
			"栗子猫头鹰少年.4096/texture_00.png",
			"栗子猫头鹰少年.4096/texture_01.png"
		],
		"Physics": "栗子猫头鹰少年.physics3.json",
		"DisplayInfo": "栗子猫头鹰少年.cdi3.json",
        "MotionSync": "栗子猫头鹰少年.motionsync3.json"
	},
	"Groups": [
		{
			"Target": "Parameter",
			"Name": "LipSync",
			"Ids": []
		},
		{
			"Target": "Parameter",
			"Name": "EyeBlink",
			"Ids": []
		}
	]
}
