{
	"Version": 1,
	"Meta": {
		"SettingCount": 1,
		"Dictionary": [
			{
				"Id": "MotionSyncSetting",
				"Name": "Basic_CRI"
			}
		]
	},
	"Settings": [
		{
			"Id": "MotionSyncSetting",
			"AnalysisType": "CRI",
			"UseCase": "Mouth",
			"CubismParameters": [
				{
					"Name": "口　変形",
					"Id": "ParamMouthForm",
					"Min": -1.0,
					"Max": 1.0,
					"Damper": 0.0,
					"Smooth": 25
				},
				{
					"Name": "口　開閉",
					"Id": "ParamMouthOpenY",
					"Min": 0.0,
					"Max": 1.0,
					"Damper": 0.0,
					"Smooth": 25
				}
			],
			"AudioParameters": [
				{
					"Name": "Silence",
					"Id": "Silence",
					"Min": 0.0,
					"Max": 1.0,
					"Scale": 1.0,
					"Enabled": true
				},
				{
					"Name": "A",
					"Id": "A",
					"Min": 0.0,
					"Max": 1.0,
					"Scale": 0.30000001192092896,
					"Enabled": true
				},
				{
					"Name": "I",
					"Id": "I",
					"Min": 0.0,
					"Max": 1.0,
					"Scale": 1.0,
					"Enabled": true
				},
				{
					"Name": "U",
					"Id": "U",
					"Min": 0.0,
					"Max": 1.0,
					"Scale": 1.5,
					"Enabled": true
				},
				{
					"Name": "E",
					"Id": "E",
					"Min": 0.0,
					"Max": 1.0,
					"Scale": 6.0,
					"Enabled": true
				},
				{
					"Name": "O",
					"Id": "O",
					"Min": 0.0,
					"Max": 1.0,
					"Scale": 8.0,
					"Enabled": true
				}
			],
			"Mappings": [
				{
					"Type": "Shape",
					"Id": "Silence",
					"Targets": [
						{
							"Id": "ParamMouthForm",
							"Value": 0.0
						},
						{
							"Id": "ParamMouthOpenY",
							"Value": 0.0
						}
					]
				},
				{
					"Type": "Shape",
					"Id": "A",
					"Targets": [
						{
							"Id": "ParamMouthForm",
							"Value": 0.25
						},
						{
							"Id": "ParamMouthOpenY",
							"Value": 0.5
						}
					]
				},
				{
					"Type": "Shape",
					"Id": "I",
					"Targets": [
						{
							"Id": "ParamMouthForm",
							"Value": 0.25
						},
						{
							"Id": "ParamMouthOpenY",
							"Value": 0.4000000059604645
						}
					]
				},
				{
					"Type": "Shape",
					"Id": "U",
					"Targets": [
						{
							"Id": "ParamMouthForm",
							"Value": -0.25
						},
						{
							"Id": "ParamMouthOpenY",
							"Value": 0.4000000059604645
						}
					]
				},
				{
					"Type": "Shape",
					"Id": "E",
					"Targets": [
						{
							"Id": "ParamMouthForm",
							"Value": 0.25
						},
						{
							"Id": "ParamMouthOpenY",
							"Value": 0.699999988079071
						}
					]
				},
				{
					"Type": "Shape",
					"Id": "O",
					"Targets": [
						{
							"Id": "ParamMouthForm",
							"Value": -0.25
						},
						{
							"Id": "ParamMouthOpenY",
							"Value": 0.5
						}
					]
				}
			],
			"PostProcessing": {
				"BlendRatio": 1.0,
				"Smoothing": 10,
				"SampleRate": 60.0
			}
		}
	]
}
