{
	"Version": 3,
	"Parameters": [
		{
			"Id": "IZUqq323176904",
			"GroupId": "",
			"Name": "飴豆/板面仙人"
		},
		{
			"Id": "Param10",
			"GroupId": "ParamGroupExpControl",
			"Name": "眼镜"
		},
		{
			"Id": "ParamCheek",
			"GroupId": "ParamGroupExpControl",
			"Name": "笑时脸颊泛红"
		},
		{
			"Id": "ParamFaceRed",
			"GroupId": "ParamGroupExpControl",
			"Name": "脸红"
		},
		{
			"Id": "ParamEyeStar",
			"GroupId": "ParamGroupExpControl",
			"Name": "星星眼"
		},
		{
			"Id": "ParamEyeCry",
			"GroupId": "ParamGroupExpControl",
			"Name": "哭哭眼"
		},
		{
			"Id": "ude1",
			"GroupId": "ParamGroupExpControl",
			"Name": "抬手"
		},
		{
			"Id": "ParamAngleX",
			"GroupId": "ParamGroupXY",
			"Name": "X"
		},
		{
			"Id": "ParamAngleY",
			"GroupId": "ParamGroupXY",
			"Name": "Y"
		},
		{
			"Id": "ParamAngleZ",
			"GroupId": "ParamGroupXY",
			"Name": "Z"
		},
		{
			"Id": "Param6",
			"GroupId": "ParamGroupXY",
			"Name": "眼调整X-"
		},
		{
			"Id": "Param9",
			"GroupId": "ParamGroupXY",
			"Name": "眼调整X+"
		},
		{
			"Id": "ParamBodyAngleX",
			"GroupId": "ParamGroupXY",
			"Name": "身体X"
		},
		{
			"Id": "ParamBodyAngleY",
			"GroupId": "ParamGroupXY",
			"Name": "身体Y"
		},
		{
			"Id": "ParamBodyAngleZ",
			"GroupId": "ParamGroupXY",
			"Name": "身体Z"
		},
		{
			"Id": "ParamBodyAngleX2",
			"GroupId": "ParamGroupXY",
			"Name": "身体XX"
		},
		{
			"Id": "ParamBodyAngleY2",
			"GroupId": "ParamGroupXY",
			"Name": "身体YY"
		},
		{
			"Id": "ParamBodyAngleZ2",
			"GroupId": "ParamGroupXY",
			"Name": "身体ZZ"
		},
		{
			"Id": "ParamBodyAngleZ3",
			"GroupId": "ParamGroupXY",
			"Name": "身体ZZZ"
		},
		{
			"Id": "ParamBreath",
			"GroupId": "ParamGroupXY",
			"Name": "呼吸"
		},
		{
			"Id": "ParamAngleYbreath",
			"GroupId": "ParamGroupXY",
			"Name": "Y呼吸"
		},
		{
			"Id": "ParamBodyAngleYbresth",
			"GroupId": "ParamGroupXY",
			"Name": "身体Y呼吸"
		},
		{
			"Id": "Param14",
			"GroupId": "ParamGroupBodyPhy",
			"Name": "丝带飘动随X"
		},
		{
			"Id": "ParamY1body",
			"GroupId": "ParamGroupBodyPhy",
			"Name": "bodyY1"
		},
		{
			"Id": "ParamY2body",
			"GroupId": "ParamGroupBodyPhy",
			"Name": "bodyY2"
		},
		{
			"Id": "ParamX1body",
			"GroupId": "ParamGroupBodyPhy",
			"Name": "bodyX1"
		},
		{
			"Id": "ParamX2body",
			"GroupId": "ParamGroupBodyPhy",
			"Name": "bodyX2"
		},
		{
			"Id": "ParamArmPhyX",
			"GroupId": "ParamGroupBodyPhy",
			"Name": "手臂物理X"
		},
		{
			"Id": "ParamArmPhyX2",
			"GroupId": "ParamGroupBodyPhy",
			"Name": "手臂物理XX"
		},
		{
			"Id": "ParamArmPhy1",
			"GroupId": "ParamGroupBodyPhy",
			"Name": "手物理1"
		},
		{
			"Id": "ParamArmPhy2",
			"GroupId": "ParamGroupBodyPhy",
			"Name": "手物理2"
		},
		{
			"Id": "ParamArmPhy3",
			"GroupId": "ParamGroupBodyPhy",
			"Name": "手物理3"
		},
		{
			"Id": "ParamArmPhyY",
			"GroupId": "ParamGroupBodyPhy",
			"Name": "手臂物理Y"
		},
		{
			"Id": "ParamMetalreflective",
			"GroupId": "ParamGroupBodyPhy",
			"Name": "金属反光1"
		},
		{
			"Id": "ParamHairSideY1",
			"GroupId": "ParamGroupHairPhy",
			"Name": "摇动Y1"
		},
		{
			"Id": "ParamHairSideY2",
			"GroupId": "ParamGroupHairPhy",
			"Name": "摇动Y2"
		},
		{
			"Id": "ParamHairFront1",
			"GroupId": "ParamGroupHairPhy",
			"Name": "摇动 前发1"
		},
		{
			"Id": "ParamHairFront2",
			"GroupId": "ParamGroupHairPhy",
			"Name": "摇动 前发2"
		},
		{
			"Id": "ParamHairSide1",
			"GroupId": "ParamGroupHairPhy",
			"Name": "摇动 侧发1"
		},
		{
			"Id": "ParamHairSide2",
			"GroupId": "ParamGroupHairPhy",
			"Name": "摇动 侧发2"
		},
		{
			"Id": "ParamHairBack1",
			"GroupId": "ParamGroupHairPhy",
			"Name": "摇动 后发1"
		},
		{
			"Id": "ParamHairBack2",
			"GroupId": "ParamGroupHairPhy",
			"Name": "摇动 后发2"
		},
		{
			"Id": "ParamMouthForm",
			"GroupId": "ParamGroupMouthControl",
			"Name": "嘴变形"
		},
		{
			"Id": "ParamMouthOpenY",
			"GroupId": "ParamGroupMouthControl",
			"Name": "嘴开闭"
		},
		{
			"Id": "ParamMouthExpression",
			"GroupId": "ParamGroupMouthControl",
			"Name": "嘴表情"
		},
		{
			"Id": "ParamMouthX",
			"GroupId": "ParamGroupMouthControl",
			"Name": "Mouth X"
		},
		{
			"Id": "ParamCheekPuff",
			"GroupId": "ParamGroupMouthControl",
			"Name": "鼓脸"
		},
		{
			"Id": "tearR",
			"GroupId": "ParamGroupEye",
			"Name": "流泪R"
		},
		{
			"Id": "tearL",
			"GroupId": "ParamGroupEye",
			"Name": "流泪L"
		},
		{
			"Id": "ParamEyeLOpen",
			"GroupId": "ParamGroupEye",
			"Name": "左眼　开闭"
		},
		{
			"Id": "ParamEyeLSmile",
			"GroupId": "ParamGroupEye",
			"Name": "左眼　微笑"
		},
		{
			"Id": "EyeLSquint",
			"GroupId": "ParamGroupEye",
			"Name": "左眼眼角"
		},
		{
			"Id": "ParamEyeROpen",
			"GroupId": "ParamGroupEye",
			"Name": "右眼　开闭"
		},
		{
			"Id": "ParamEyeRSmile",
			"GroupId": "ParamGroupEye",
			"Name": "右眼　微笑"
		},
		{
			"Id": "EyeRSquint",
			"GroupId": "ParamGroupEye",
			"Name": "右眼眼角"
		},
		{
			"Id": "ParamEyeBallX",
			"GroupId": "ParamGroupEye",
			"Name": "眼珠 X"
		},
		{
			"Id": "ParamEyeBallY",
			"GroupId": "ParamGroupEye",
			"Name": "眼珠 Y"
		},
		{
			"Id": "ParamBrowLY",
			"GroupId": "ParamGroupBrow",
			"Name": "左眉　上下"
		},
		{
			"Id": "ParamBrowLAngle",
			"GroupId": "ParamGroupBrow",
			"Name": "左眉　角度"
		},
		{
			"Id": "ParamBrowLForm",
			"GroupId": "ParamGroupBrow",
			"Name": "左眉　変形"
		},
		{
			"Id": "ParamBrowRY",
			"GroupId": "ParamGroupBrow",
			"Name": "右眉　上下"
		},
		{
			"Id": "ParamBrowRAngle",
			"GroupId": "ParamGroupBrow",
			"Name": "右眉　角度"
		},
		{
			"Id": "ParamBrowRForm",
			"GroupId": "ParamGroupBrow",
			"Name": "右眉　変形"
		},
		{
			"Id": "canthusphysicalR",
			"GroupId": "ParamGroupEyePhy",
			"Name": "眼尾R"
		},
		{
			"Id": "canthusphysicalL",
			"GroupId": "ParamGroupEyePhy",
			"Name": "眼尾L"
		},
		{
			"Id": "pupilphysicalR",
			"GroupId": "ParamGroupEyePhy",
			"Name": "瞳孔R"
		},
		{
			"Id": "pupilphysicalL",
			"GroupId": "ParamGroupEyePhy",
			"Name": "瞳孔L"
		},
		{
			"Id": "heartphysicalR",
			"GroupId": "ParamGroupEyePhy",
			"Name": "星星R"
		},
		{
			"Id": "heartphysicalL",
			"GroupId": "ParamGroupEyePhy",
			"Name": "星星L"
		},
		{
			"Id": "irisphysicalR",
			"GroupId": "ParamGroupEyePhy",
			"Name": "虹膜R"
		},
		{
			"Id": "irisphysicalL",
			"GroupId": "ParamGroupEyePhy",
			"Name": "虹膜L"
		},
		{
			"Id": "ParamhighlightR",
			"GroupId": "ParamGroupEyePhy",
			"Name": "胖虎高光R"
		},
		{
			"Id": "ParamhighlightL",
			"GroupId": "ParamGroupEyePhy",
			"Name": "胖虎高光L"
		},
		{
			"Id": "ParamhighlightR2",
			"GroupId": "ParamGroupEyePhy",
			"Name": "通常高光R"
		},
		{
			"Id": "ParamhighlightL2",
			"GroupId": "ParamGroupEyePhy",
			"Name": "通常高光L"
		},
		{
			"Id": "ParamhighlightRcry1",
			"GroupId": "ParamGroupEyePhy",
			"Name": "流泪高光旋转R"
		},
		{
			"Id": "ParamhighlightRcry2",
			"GroupId": "ParamGroupEyePhy",
			"Name": "流泪高光跳动R"
		},
		{
			"Id": "ParamhighlightLcry1",
			"GroupId": "ParamGroupEyePhy",
			"Name": "流泪高光旋转L"
		},
		{
			"Id": "ParamhighlightLcry2",
			"GroupId": "ParamGroupEyePhy",
			"Name": "流泪高光跳动L"
		},
		{
			"Id": "Param2",
			"GroupId": "ParamGroupEyePhy",
			"Name": "流泪发光R"
		},
		{
			"Id": "Param",
			"GroupId": "ParamGroupEyePhy",
			"Name": "流泪发光L"
		},
		{
			"Id": "cryphysicalR1",
			"GroupId": "ParamGroupEyePhy",
			"Name": "眼泪R1"
		},
		{
			"Id": "cryphysicalR2",
			"GroupId": "ParamGroupEyePhy",
			"Name": "眼泪R2"
		},
		{
			"Id": "cryphysicalL1",
			"GroupId": "ParamGroupEyePhy",
			"Name": "眼泪L1"
		},
		{
			"Id": "cryphysicalL2",
			"GroupId": "ParamGroupEyePhy",
			"Name": "眼泪L2"
		},
		{
			"Id": "Pendant8",
			"GroupId": "ParamGrouppendant",
			"Name": "8"
		},
		{
			"Id": "Pendant7",
			"GroupId": "ParamGrouppendant",
			"Name": "7"
		},
		{
			"Id": "Pendant6",
			"GroupId": "ParamGrouppendant",
			"Name": "6"
		},
		{
			"Id": "Pendant5",
			"GroupId": "ParamGrouppendant",
			"Name": "5"
		},
		{
			"Id": "Pendant4",
			"GroupId": "ParamGrouppendant",
			"Name": "4"
		},
		{
			"Id": "Pendant3",
			"GroupId": "ParamGrouppendant",
			"Name": "3"
		},
		{
			"Id": "Pendant2",
			"GroupId": "ParamGrouppendant",
			"Name": "2"
		},
		{
			"Id": "Pendant1",
			"GroupId": "ParamGrouppendant",
			"Name": "1"
		}
	],
	"ParameterGroups": [
		{
			"Id": "ParamGroupExpControl",
			"GroupId": "",
			"Name": "按键"
		},
		{
			"Id": "ParamGroupXY",
			"GroupId": "",
			"Name": "角度"
		},
		{
			"Id": "ParamGroupBodyPhy",
			"GroupId": "",
			"Name": "主体物理"
		},
		{
			"Id": "ParamGroupHairPhy",
			"GroupId": "",
			"Name": "头发物理"
		},
		{
			"Id": "ParamGroupMouthControl",
			"GroupId": "",
			"Name": "嘴"
		},
		{
			"Id": "ParamGroupEye",
			"GroupId": "",
			"Name": "眼"
		},
		{
			"Id": "ParamGroupBrow",
			"GroupId": "",
			"Name": "眉毛"
		},
		{
			"Id": "ParamGroupEyePhy",
			"GroupId": "",
			"Name": "眼部物理"
		},
		{
			"Id": "ParamGrouppendant",
			"GroupId": "",
			"Name": "挂坠物理"
		}
	],
	"Parts": [
		{
			"Id": "Part",
			"Name": "头发"
		},
		{
			"Id": "Part2",
			"Name": "头"
		},
		{
			"Id": "Part10",
			"Name": "身体"
		},
		{
			"Id": "QF",
			"Name": "QF"
		},
		{
			"Id": "QFy",
			"Name": "QFy"
		},
		{
			"Id": "BF",
			"Name": "BF"
		},
		{
			"Id": "HF",
			"Name": "HF"
		},
		{
			"Id": "Part3",
			"Name": "眼镜"
		},
		{
			"Id": "Part19",
			"Name": "眼睛R"
		},
		{
			"Id": "Part4",
			"Name": "眼睛L"
		},
		{
			"Id": "Part7",
			"Name": "嘴"
		},
		{
			"Id": "Part9",
			"Name": "脸部"
		},
		{
			"Id": "Part11",
			"Name": "衬衫"
		},
		{
			"Id": "Part12",
			"Name": "项链"
		},
		{
			"Id": "Part13",
			"Name": "内搭"
		},
		{
			"Id": "Part14",
			"Name": "脖子"
		},
		{
			"Id": "Part15",
			"Name": "裤子"
		},
		{
			"Id": "Part16",
			"Name": "鞋L"
		},
		{
			"Id": "Part17",
			"Name": "手臂"
		},
		{
			"Id": "QFZ",
			"Name": "QFZ"
		},
		{
			"Id": "QFR",
			"Name": "QFR"
		},
		{
			"Id": "QFL",
			"Name": "QFL"
		},
		{
			"Id": "DM",
			"Name": "DM"
		},
		{
			"Id": "Part30",
			"Name": "眼眶泪滴L"
		},
		{
			"Id": "Part20",
			"Name": "眼眶R"
		},
		{
			"Id": "Part21",
			"Name": "眼球R"
		},
		{
			"Id": "Part25",
			"Name": "眼眶泪滴L"
		},
		{
			"Id": "Part5",
			"Name": "眼眶L"
		},
		{
			"Id": "Part6",
			"Name": "眼球L"
		},
		{
			"Id": "Part8",
			"Name": "牙"
		},
		{
			"Id": "Part31",
			"Name": "手势L"
		},
		{
			"Id": "Part28",
			"Name": "手势L"
		},
		{
			"Id": "L",
			"Name": "L"
		},
		{
			"Id": "R",
			"Name": "R"
		},
		{
			"Id": "Part29",
			"Name": "眼泪汪汪L"
		},
		{
			"Id": "Part24",
			"Name": "眼泪汪汪L"
		},
		{
			"Id": "Part32",
			"Name": "小臂L-抬手"
		},
		{
			"Id": "Part26",
			"Name": "小臂L-抬手"
		},
		{
			"Id": "Part18",
			"Name": "手L"
		},
		{
			"Id": "Part22",
			"Name": "手L"
		},
		{
			"Id": "Part33",
			"Name": "手L-抬手"
		},
		{
			"Id": "Part27",
			"Name": "手L-抬手"
		}
	],
	"CombinedParameters": [
		[
			"ParamMouthForm",
			"ParamMouthOpenY"
		]
	]
}