{
    "Version": 1,
    "Name": "MIA-default",
    "ModelID": "f6d2a2c044c8470b959e355ce11dd59b",
    "FileReferences": {
        "Icon": "icon.png",
        "Model": "MIA.model3.json",
        "IdleAnimation": "",
        "IdleAnimationWhenTrackingLost": ""
    },
    "ModelSaveMetadata": {
        "LastSavedVTubeStudioVersion": "1.28.28",
        "LastSavedPlatform": "Steam",
        "LastSavedDateUTC": "Monday, 22 April 2024, 20:25:37",
        "LastSavedDateLocalTime": "Tuesday, 23 April 2024, 04:25:37",
        "LastSavedDateUnixMillisecondTimestamp": "1713817537000"
    },
    "SavedModelPosition": {
        "Position": {
            "x": -10.10986328125,
            "y": 2.215503454208374,
            "z": 0.0
        },
        "Rotation": {
            "x": 0.0,
            "y": 0.0,
            "z": 0.0,
            "w": 1.0
        },
        "Scale": {
            "x": 0.8825479745864868,
            "y": 0.8825479745864868,
            "z": 1.0
        }
    },
    "ModelPositionMovement": {
        "Use": false,
        "X": 6,
        "Y": 8,
        "Z": 11,
        "SmoothingX": 10,
        "SmoothingY": 10,
        "SmoothingZ": 10
    },
    "ItemSettings": {
        "OnlyMoveWhenPinned": false,
        "AllowNormalHotkeyTriggers": true,
        "Multiplier_HeadAngleX": 1.0,
        "Multiplier_HeadAngleY": 1.0,
        "Multiplier_HeadAngleZ": 1.0,
        "Shift_HeadAngleX": 0.0,
        "Shift_HeadAngleY": 0.0,
        "Smoothing_HeadAngleX": 15.0,
        "Smoothing_HeadAngleY": 15.0,
        "Smoothing_HeadAngleZ": 15.0
    },
    "PhysicsSettings": {
        "Use": true,
        "UseLegacyPhysics": false,
        "Live2DPhysicsFPS": 3,
        "PhysicsStrength": 58,
        "WindStrength": 11,
        "DraggingPhysicsStrength": 0
    },
    "GeneralSettings": {
        "TimeUntilTrackingLostIdleAnimation": 0.0,
        "WorkshopSharingForbidden": true,
        "EnableExpressionSaving": false
    },
    "ParameterSettings": [
        {
            "Folder": "",
            "Name": "Face Left/Right Rotation",
            "Input": "FaceAngleX",
            "InputRangeLower": -30.0,
            "InputRangeUpper": 30.0,
            "OutputRangeLower": -33.0,
            "OutputRangeUpper": 33.0,
            "ClampInput": false,
            "ClampOutput": false,
            "UseBlinking": false,
            "UseBreathing": false,
            "OutputLive2D": "ParamAngleX",
            "Smoothing": 15,
            "Minimized": true
        },
        {
            "Folder": "",
            "Name": "Face Up/Down Rotation",
            "Input": "FaceAngleY",
            "InputRangeLower": -20.0,
            "InputRangeUpper": 20.0,
            "OutputRangeLower": -33.0,
            "OutputRangeUpper": 30.0,
            "ClampInput": false,
            "ClampOutput": false,
            "UseBlinking": false,
            "UseBreathing": false,
            "OutputLive2D": "ParamAngleY",
            "Smoothing": 15,
            "Minimized": true
        },
        {
            "Folder": "",
            "Name": "Face Lean Rotation",
            "Input": "FaceAngleZ",
            "InputRangeLower": -30.0,
            "InputRangeUpper": 30.0,
            "OutputRangeLower": -30.0,
            "OutputRangeUpper": 30.0,
            "ClampInput": false,
            "ClampOutput": false,
            "UseBlinking": false,
            "UseBreathing": false,
            "OutputLive2D": "ParamAngleZ",
            "Smoothing": 30,
            "Minimized": true
        },
        {
            "Folder": "",
            "Name": "Body Rotation X",
            "Input": "FaceAngleX",
            "InputRangeLower": -30.0,
            "InputRangeUpper": 30.0,
            "OutputRangeLower": -10.0,
            "OutputRangeUpper": 10.0,
            "ClampInput": false,
            "ClampOutput": false,
            "UseBlinking": false,
            "UseBreathing": false,
            "OutputLive2D": "ParamBodyAngleX",
            "Smoothing": 20,
            "Minimized": true
        },
        {
            "Folder": "",
            "Name": "Body Rotation Y",
            "Input": "FaceAngleY",
            "InputRangeLower": -30.0,
            "InputRangeUpper": 30.0,
            "OutputRangeLower": -10.0,
            "OutputRangeUpper": 10.0,
            "ClampInput": false,
            "ClampOutput": false,
            "UseBlinking": false,
            "UseBreathing": false,
            "OutputLive2D": "ParamBodyAngleY",
            "Smoothing": 20,
            "Minimized": true
        },
        {
            "Folder": "",
            "Name": "Body Rotation Z",
            "Input": "FaceAngleZ",
            "InputRangeLower": -30.0,
            "InputRangeUpper": 30.0,
            "OutputRangeLower": -11.0,
            "OutputRangeUpper": 11.0,
            "ClampInput": false,
            "ClampOutput": false,
            "UseBlinking": false,
            "UseBreathing": false,
            "OutputLive2D": "ParamBodyAngleZ",
            "Smoothing": 20,
            "Minimized": true
        },
        {
            "Folder": "",
            "Name": "Auto Breath",
            "Input": "",
            "InputRangeLower": 0.0,
            "InputRangeUpper": 1.0,
            "OutputRangeLower": 0.0,
            "OutputRangeUpper": 1.0,
            "ClampInput": false,
            "ClampOutput": false,
            "UseBlinking": false,
            "UseBreathing": true,
            "OutputLive2D": "ParamBreath",
            "Smoothing": 0,
            "Minimized": true
        },
        {
            "Folder": "",
            "Name": "Eye Open Left",
            "Input": "EyeOpenLeft",
            "InputRangeLower": 0.0,
            "InputRangeUpper": 1.0,
            "OutputRangeLower": 0.0,
            "OutputRangeUpper": 1.899999976158142,
            "ClampInput": false,
            "ClampOutput": false,
            "UseBlinking": false,
            "UseBreathing": false,
            "OutputLive2D": "ParamEyeLOpen",
            "Smoothing": 10,
            "Minimized": true
        },
        {
            "Folder": "",
            "Name": "Eye Smile Left",
            "Input": "MouthSmile",
            "InputRangeLower": 0.0,
            "InputRangeUpper": 1.0,
            "OutputRangeLower": 0.0,
            "OutputRangeUpper": 1.0,
            "ClampInput": false,
            "ClampOutput": false,
            "UseBlinking": false,
            "UseBreathing": false,
            "OutputLive2D": "ParamEyeLSmile",
            "Smoothing": 10,
            "Minimized": true
        },
        {
            "Folder": "",
            "Name": "Eye Open Right",
            "Input": "EyeOpenRight",
            "InputRangeLower": 0.0,
            "InputRangeUpper": 1.0,
            "OutputRangeLower": 0.0,
            "OutputRangeUpper": 1.899999976158142,
            "ClampInput": false,
            "ClampOutput": false,
            "UseBlinking": false,
            "UseBreathing": false,
            "OutputLive2D": "ParamEyeROpen",
            "Smoothing": 10,
            "Minimized": true
        },
        {
            "Folder": "",
            "Name": "Eye Smile Right",
            "Input": "MouthSmile",
            "InputRangeLower": 0.0,
            "InputRangeUpper": 1.0,
            "OutputRangeLower": 0.0,
            "OutputRangeUpper": 1.0,
            "ClampInput": false,
            "ClampOutput": false,
            "UseBlinking": false,
            "UseBreathing": false,
            "OutputLive2D": "ParamEyeRSmile",
            "Smoothing": 10,
            "Minimized": true
        },
        {
            "Folder": "",
            "Name": "Eye X",
            "Input": "EyeRightX",
            "InputRangeLower": -1.0,
            "InputRangeUpper": 1.0,
            "OutputRangeLower": 1.0,
            "OutputRangeUpper": -1.0,
            "ClampInput": false,
            "ClampOutput": false,
            "UseBlinking": false,
            "UseBreathing": false,
            "OutputLive2D": "ParamEyeBallX",
            "Smoothing": 8,
            "Minimized": true
        },
        {
            "Folder": "",
            "Name": "Eye Y",
            "Input": "EyeRightY",
            "InputRangeLower": -1.0,
            "InputRangeUpper": 1.0,
            "OutputRangeLower": -1.0,
            "OutputRangeUpper": 1.0,
            "ClampInput": false,
            "ClampOutput": false,
            "UseBlinking": false,
            "UseBreathing": false,
            "OutputLive2D": "ParamEyeBallY",
            "Smoothing": 8,
            "Minimized": true
        },
        {
            "Folder": "",
            "Name": "Brow Form Left",
            "Input": "Brows",
            "InputRangeLower": 0.0,
            "InputRangeUpper": 1.0,
            "OutputRangeLower": -1.0,
            "OutputRangeUpper": 1.0,
            "ClampInput": false,
            "ClampOutput": false,
            "UseBlinking": false,
            "UseBreathing": false,
            "OutputLive2D": "ParamBrowLForm",
            "Smoothing": 15,
            "Minimized": true
        },
        {
            "Folder": "",
            "Name": "Brow Form Right",
            "Input": "Brows",
            "InputRangeLower": 0.0,
            "InputRangeUpper": 1.0,
            "OutputRangeLower": -1.0,
            "OutputRangeUpper": 1.0,
            "ClampInput": false,
            "ClampOutput": false,
            "UseBlinking": false,
            "UseBreathing": false,
            "OutputLive2D": "ParamBrowRForm",
            "Smoothing": 15,
            "Minimized": true
        },
        {
            "Folder": "",
            "Name": "Mouth Smile",
            "Input": "MouthSmile",
            "InputRangeLower": 0.0,
            "InputRangeUpper": 1.0,
            "OutputRangeLower": -1.0,
            "OutputRangeUpper": 1.0,
            "ClampInput": false,
            "ClampOutput": false,
            "UseBlinking": false,
            "UseBreathing": false,
            "OutputLive2D": "ParamMouthForm",
            "Smoothing": 0,
            "Minimized": true
        },
        {
            "Folder": "",
            "Name": "Mouth Open",
            "Input": "MouthOpen",
            "InputRangeLower": 0.0,
            "InputRangeUpper": 1.0,
            "OutputRangeLower": 0.0,
            "OutputRangeUpper": 2.0999999046325685,
            "ClampInput": false,
            "ClampOutput": false,
            "UseBlinking": false,
            "UseBreathing": false,
            "OutputLive2D": "ParamMouthOpenY",
            "Smoothing": 0,
            "Minimized": true
        },
        {
            "Folder": "",
            "Name": "MouthX",
            "Input": "MouthX",
            "InputRangeLower": -1.0,
            "InputRangeUpper": 1.0,
            "OutputRangeLower": -1.0,
            "OutputRangeUpper": 1.0,
            "ClampInput": false,
            "ClampOutput": false,
            "UseBlinking": false,
            "UseBreathing": false,
            "OutputLive2D": "ParamMouthX",
            "Smoothing": 8,
            "Minimized": true
        }
    ],
    "Hotkeys": [
        {
            "HotkeyID": "3d918612c3914a65872b1c06dea280e6",
            "Name": "1   00eye",
            "Action": "ToggleExpression",
            "File": "00.exp3.json",
            "Folder": "",
            "Position": {
                "X": 0.0,
                "Y": 0.0,
                "Z": 0.0,
                "Rotation": 0.0
            },
            "ColorOverlay": {
                "On": false,
                "IsStaticColor": false,
                "Display": -1,
                "WindowName": "",
                "IncludeLeft": false,
                "IncludeMid": false,
                "IncludeRight": false,
                "BaseValue": 0,
                "OverlayValue": 0,
                "Smoothing": 0,
                "IncludeItems": false,
                "StaticColor": {
                    "r": 0.0,
                    "g": 0.0,
                    "b": 0.0,
                    "a": 1.0
                }
            },
            "ColorScreenMultiplyPreset": {
                "ArtMeshMultiplyAndScreenColors": []
            },
            "HandGestureSettings": {
                "GestureLeft": "",
                "GestureRight": "",
                "GestureCombinator": "AND",
                "AllowMirroredGesture": false,
                "DeactivateExpWhenGestureNotDetected": false,
                "SecondsUntilDetection": 0.5,
                "SecondsDetected": 0.0,
                "PercentDetected": 0.0
            },
            "LoadModelSettings": {
                "LoadAtCurrentPosition": true
            },
            "Triggers": {
                "Trigger1": "N1",
                "Trigger2": "",
                "Trigger3": "",
                "ScreenButton": -1
            },
            "IsGlobal": true,
            "IsActive": true,
            "Minimized": true,
            "StopsOnLastFrame": false,
            "DeactivateAfterKeyUp": false,
            "OnlyLoadOneRandomItem": false,
            "DeactivateAfterSeconds": false,
            "DeactivateAfterSecondsAmount": 10.0,
            "FadeSecondsAmount": 0.009999999776482582,
            "OnScreenHotkeyColor": {
                "r": 1.0,
                "g": 1.0,
                "b": 1.0,
                "a": 1.0
            }
        },
        {
            "HotkeyID": "98a805d8f0e94c1d84e2d83d5b940bb9",
            "Name": "2   ==eye",
            "Action": "ToggleExpression",
            "File": "==.exp3.json",
            "Folder": "",
            "Position": {
                "X": 0.0,
                "Y": 0.0,
                "Z": 0.0,
                "Rotation": 0.0
            },
            "ColorOverlay": {
                "On": false,
                "IsStaticColor": false,
                "Display": -1,
                "WindowName": "",
                "IncludeLeft": false,
                "IncludeMid": false,
                "IncludeRight": false,
                "BaseValue": 0,
                "OverlayValue": 0,
                "Smoothing": 0,
                "IncludeItems": false,
                "StaticColor": {
                    "r": 0.0,
                    "g": 0.0,
                    "b": 0.0,
                    "a": 1.0
                }
            },
            "ColorScreenMultiplyPreset": {
                "ArtMeshMultiplyAndScreenColors": []
            },
            "HandGestureSettings": {
                "GestureLeft": "",
                "GestureRight": "",
                "GestureCombinator": "AND",
                "AllowMirroredGesture": false,
                "DeactivateExpWhenGestureNotDetected": false,
                "SecondsUntilDetection": 0.5,
                "SecondsDetected": 0.0,
                "PercentDetected": 0.0
            },
            "LoadModelSettings": {
                "LoadAtCurrentPosition": true
            },
            "Triggers": {
                "Trigger1": "N2",
                "Trigger2": "",
                "Trigger3": "",
                "ScreenButton": -1
            },
            "IsGlobal": true,
            "IsActive": true,
            "Minimized": true,
            "StopsOnLastFrame": false,
            "DeactivateAfterKeyUp": false,
            "OnlyLoadOneRandomItem": false,
            "DeactivateAfterSeconds": false,
            "DeactivateAfterSecondsAmount": 10.0,
            "FadeSecondsAmount": 0.009999999776482582,
            "OnScreenHotkeyColor": {
                "r": 1.0,
                "g": 1.0,
                "b": 1.0,
                "a": 1.0
            }
        },
        {
            "HotkeyID": "27a2a72e35dc422a8cb666c85ab706b8",
            "Name": "3   angry",
            "Action": "ToggleExpression",
            "File": "angry.exp3.json",
            "Folder": "",
            "Position": {
                "X": 0.0,
                "Y": 0.0,
                "Z": 0.0,
                "Rotation": 0.0
            },
            "ColorOverlay": {
                "On": false,
                "IsStaticColor": false,
                "Display": -1,
                "WindowName": "",
                "IncludeLeft": false,
                "IncludeMid": false,
                "IncludeRight": false,
                "BaseValue": 0,
                "OverlayValue": 0,
                "Smoothing": 0,
                "IncludeItems": false,
                "StaticColor": {
                    "r": 0.0,
                    "g": 0.0,
                    "b": 0.0,
                    "a": 1.0
                }
            },
            "ColorScreenMultiplyPreset": {
                "ArtMeshMultiplyAndScreenColors": []
            },
            "HandGestureSettings": {
                "GestureLeft": "",
                "GestureRight": "",
                "GestureCombinator": "AND",
                "AllowMirroredGesture": false,
                "DeactivateExpWhenGestureNotDetected": false,
                "SecondsUntilDetection": 0.5,
                "SecondsDetected": 0.0,
                "PercentDetected": 0.0
            },
            "LoadModelSettings": {
                "LoadAtCurrentPosition": true
            },
            "Triggers": {
                "Trigger1": "N3",
                "Trigger2": "",
                "Trigger3": "",
                "ScreenButton": -1
            },
            "IsGlobal": true,
            "IsActive": true,
            "Minimized": true,
            "StopsOnLastFrame": false,
            "DeactivateAfterKeyUp": false,
            "OnlyLoadOneRandomItem": false,
            "DeactivateAfterSeconds": false,
            "DeactivateAfterSecondsAmount": 10.0,
            "FadeSecondsAmount": 0.5,
            "OnScreenHotkeyColor": {
                "r": 1.0,
                "g": 1.0,
                "b": 1.0,
                "a": 1.0
            }
        },
        {
            "HotkeyID": "326c5c8ec5cd427ea7f30bf6cc6fc4f8",
            "Name": "4 caseOFF",
            "Action": "ToggleExpression",
            "File": "caseOFF.exp3.json",
            "Folder": "",
            "Position": {
                "X": 0.0,
                "Y": 0.0,
                "Z": 0.0,
                "Rotation": 0.0
            },
            "ColorOverlay": {
                "On": false,
                "IsStaticColor": false,
                "Display": -1,
                "WindowName": "",
                "IncludeLeft": false,
                "IncludeMid": false,
                "IncludeRight": false,
                "BaseValue": 0,
                "OverlayValue": 0,
                "Smoothing": 0,
                "IncludeItems": false,
                "StaticColor": {
                    "r": 0.0,
                    "g": 0.0,
                    "b": 0.0,
                    "a": 1.0
                }
            },
            "ColorScreenMultiplyPreset": {
                "ArtMeshMultiplyAndScreenColors": []
            },
            "HandGestureSettings": {
                "GestureLeft": "",
                "GestureRight": "",
                "GestureCombinator": "AND",
                "AllowMirroredGesture": false,
                "DeactivateExpWhenGestureNotDetected": false,
                "SecondsUntilDetection": 0.5,
                "SecondsDetected": 0.0,
                "PercentDetected": 0.0
            },
            "LoadModelSettings": {
                "LoadAtCurrentPosition": true
            },
            "Triggers": {
                "Trigger1": "N4",
                "Trigger2": "",
                "Trigger3": "",
                "ScreenButton": -1
            },
            "IsGlobal": true,
            "IsActive": true,
            "Minimized": true,
            "StopsOnLastFrame": false,
            "DeactivateAfterKeyUp": false,
            "OnlyLoadOneRandomItem": false,
            "DeactivateAfterSeconds": false,
            "DeactivateAfterSecondsAmount": 10.0,
            "FadeSecondsAmount": 0.5,
            "OnScreenHotkeyColor": {
                "r": 1.0,
                "g": 1.0,
                "b": 1.0,
                "a": 1.0
            }
        },
        {
            "HotkeyID": "87202b0bc1b0469c80e915e22439a711",
            "Name": "5 hatOFF",
            "Action": "ToggleExpression",
            "File": "hatOFF.exp3.json",
            "Folder": "",
            "Position": {
                "X": 0.0,
                "Y": 0.0,
                "Z": 0.0,
                "Rotation": 0.0
            },
            "ColorOverlay": {
                "On": false,
                "IsStaticColor": false,
                "Display": -1,
                "WindowName": "",
                "IncludeLeft": false,
                "IncludeMid": false,
                "IncludeRight": false,
                "BaseValue": 0,
                "OverlayValue": 0,
                "Smoothing": 0,
                "IncludeItems": false,
                "StaticColor": {
                    "r": 0.0,
                    "g": 0.0,
                    "b": 0.0,
                    "a": 1.0
                }
            },
            "ColorScreenMultiplyPreset": {
                "ArtMeshMultiplyAndScreenColors": []
            },
            "HandGestureSettings": {
                "GestureLeft": "",
                "GestureRight": "",
                "GestureCombinator": "AND",
                "AllowMirroredGesture": false,
                "DeactivateExpWhenGestureNotDetected": false,
                "SecondsUntilDetection": 0.5,
                "SecondsDetected": 0.0,
                "PercentDetected": 0.0
            },
            "LoadModelSettings": {
                "LoadAtCurrentPosition": true
            },
            "Triggers": {
                "Trigger1": "N5",
                "Trigger2": "",
                "Trigger3": "",
                "ScreenButton": -1
            },
            "IsGlobal": true,
            "IsActive": true,
            "Minimized": true,
            "StopsOnLastFrame": false,
            "DeactivateAfterKeyUp": false,
            "OnlyLoadOneRandomItem": false,
            "DeactivateAfterSeconds": false,
            "DeactivateAfterSecondsAmount": 10.0,
            "FadeSecondsAmount": 0.5,
            "OnScreenHotkeyColor": {
                "r": 1.0,
                "g": 1.0,
                "b": 1.0,
                "a": 1.0
            }
        },
        {
            "HotkeyID": "d9a0c29c5efb4df5a8f14cfdc3929757",
            "Name": "6 kirakira",
            "Action": "ToggleExpression",
            "File": "kirakira.exp3.json",
            "Folder": "",
            "Position": {
                "X": 0.0,
                "Y": 0.0,
                "Z": 0.0,
                "Rotation": 0.0
            },
            "ColorOverlay": {
                "On": false,
                "IsStaticColor": false,
                "Display": -1,
                "WindowName": "",
                "IncludeLeft": false,
                "IncludeMid": false,
                "IncludeRight": false,
                "BaseValue": 0,
                "OverlayValue": 0,
                "Smoothing": 0,
                "IncludeItems": false,
                "StaticColor": {
                    "r": 0.0,
                    "g": 0.0,
                    "b": 0.0,
                    "a": 1.0
                }
            },
            "ColorScreenMultiplyPreset": {
                "ArtMeshMultiplyAndScreenColors": []
            },
            "HandGestureSettings": {
                "GestureLeft": "",
                "GestureRight": "",
                "GestureCombinator": "AND",
                "AllowMirroredGesture": false,
                "DeactivateExpWhenGestureNotDetected": false,
                "SecondsUntilDetection": 0.5,
                "SecondsDetected": 0.0,
                "PercentDetected": 0.0
            },
            "LoadModelSettings": {
                "LoadAtCurrentPosition": true
            },
            "Triggers": {
                "Trigger1": "N6",
                "Trigger2": "",
                "Trigger3": "",
                "ScreenButton": -1
            },
            "IsGlobal": true,
            "IsActive": true,
            "Minimized": true,
            "StopsOnLastFrame": false,
            "DeactivateAfterKeyUp": false,
            "OnlyLoadOneRandomItem": false,
            "DeactivateAfterSeconds": false,
            "DeactivateAfterSecondsAmount": 10.0,
            "FadeSecondsAmount": 0.009999999776482582,
            "OnScreenHotkeyColor": {
                "r": 1.0,
                "g": 1.0,
                "b": 1.0,
                "a": 1.0
            }
        },
        {
            "HotkeyID": "ba425b34bc314c01be4432d7f9aa3316",
            "Name": "7 cry",
            "Action": "ToggleExpression",
            "File": "cry.exp3.json",
            "Folder": "",
            "Position": {
                "X": 0.0,
                "Y": 0.0,
                "Z": 0.0,
                "Rotation": 0.0
            },
            "ColorOverlay": {
                "On": false,
                "IsStaticColor": false,
                "Display": -1,
                "WindowName": "",
                "IncludeLeft": false,
                "IncludeMid": false,
                "IncludeRight": false,
                "BaseValue": 0,
                "OverlayValue": 0,
                "Smoothing": 0,
                "IncludeItems": false,
                "StaticColor": {
                    "r": 0.0,
                    "g": 0.0,
                    "b": 0.0,
                    "a": 1.0
                }
            },
            "ColorScreenMultiplyPreset": {
                "ArtMeshMultiplyAndScreenColors": []
            },
            "HandGestureSettings": {
                "GestureLeft": "",
                "GestureRight": "",
                "GestureCombinator": "AND",
                "AllowMirroredGesture": false,
                "DeactivateExpWhenGestureNotDetected": false,
                "SecondsUntilDetection": 0.5,
                "SecondsDetected": 0.0,
                "PercentDetected": 0.0
            },
            "LoadModelSettings": {
                "LoadAtCurrentPosition": true
            },
            "Triggers": {
                "Trigger1": "N7",
                "Trigger2": "",
                "Trigger3": "",
                "ScreenButton": -1
            },
            "IsGlobal": true,
            "IsActive": true,
            "Minimized": true,
            "StopsOnLastFrame": false,
            "DeactivateAfterKeyUp": false,
            "OnlyLoadOneRandomItem": false,
            "DeactivateAfterSeconds": false,
            "DeactivateAfterSecondsAmount": 10.0,
            "FadeSecondsAmount": 0.009999999776482582,
            "OnScreenHotkeyColor": {
                "r": 1.0,
                "g": 1.0,
                "b": 1.0,
                "a": 1.0
            }
        },
        {
            "HotkeyID": "50345388a44a49028636461264b82e27",
            "Name": "8 ><",
            "Action": "ToggleExpression",
            "File": "exciting.exp3.json",
            "Folder": "",
            "Position": {
                "X": 0.0,
                "Y": 0.0,
                "Z": 0.0,
                "Rotation": 0.0
            },
            "ColorOverlay": {
                "On": false,
                "IsStaticColor": false,
                "Display": -1,
                "WindowName": "",
                "IncludeLeft": false,
                "IncludeMid": false,
                "IncludeRight": false,
                "BaseValue": 0,
                "OverlayValue": 0,
                "Smoothing": 0,
                "IncludeItems": false,
                "StaticColor": {
                    "r": 0.0,
                    "g": 0.0,
                    "b": 0.0,
                    "a": 1.0
                }
            },
            "ColorScreenMultiplyPreset": {
                "ArtMeshMultiplyAndScreenColors": []
            },
            "HandGestureSettings": {
                "GestureLeft": "",
                "GestureRight": "",
                "GestureCombinator": "AND",
                "AllowMirroredGesture": false,
                "DeactivateExpWhenGestureNotDetected": false,
                "SecondsUntilDetection": 0.5,
                "SecondsDetected": 0.0,
                "PercentDetected": 0.0
            },
            "LoadModelSettings": {
                "LoadAtCurrentPosition": true
            },
            "Triggers": {
                "Trigger1": "N8",
                "Trigger2": "",
                "Trigger3": "",
                "ScreenButton": -1
            },
            "IsGlobal": true,
            "IsActive": true,
            "Minimized": true,
            "StopsOnLastFrame": false,
            "DeactivateAfterKeyUp": false,
            "OnlyLoadOneRandomItem": false,
            "DeactivateAfterSeconds": false,
            "DeactivateAfterSecondsAmount": 10.0,
            "FadeSecondsAmount": 0.009999999776482582,
            "OnScreenHotkeyColor": {
                "r": 1.0,
                "g": 1.0,
                "b": 1.0,
                "a": 1.0
            }
        },
        {
            "HotkeyID": "214e7fa7414a46868a0e93fe2bb3a5b1",
            "Name": "Q+9 Lhandletter",
            "Action": "ToggleExpression",
            "File": "Lhandletter.exp3.json",
            "Folder": "",
            "Position": {
                "X": 0.0,
                "Y": 0.0,
                "Z": 0.0,
                "Rotation": 0.0
            },
            "ColorOverlay": {
                "On": false,
                "IsStaticColor": false,
                "Display": -1,
                "WindowName": "",
                "IncludeLeft": false,
                "IncludeMid": false,
                "IncludeRight": false,
                "BaseValue": 0,
                "OverlayValue": 0,
                "Smoothing": 0,
                "IncludeItems": false,
                "StaticColor": {
                    "r": 0.0,
                    "g": 0.0,
                    "b": 0.0,
                    "a": 1.0
                }
            },
            "ColorScreenMultiplyPreset": {
                "ArtMeshMultiplyAndScreenColors": []
            },
            "HandGestureSettings": {
                "GestureLeft": "",
                "GestureRight": "",
                "GestureCombinator": "AND",
                "AllowMirroredGesture": false,
                "DeactivateExpWhenGestureNotDetected": false,
                "SecondsUntilDetection": 0.5,
                "SecondsDetected": 0.0,
                "PercentDetected": 0.0
            },
            "LoadModelSettings": {
                "LoadAtCurrentPosition": true
            },
            "Triggers": {
                "Trigger1": "Q",
                "Trigger2": "N9",
                "Trigger3": "",
                "ScreenButton": -1
            },
            "IsGlobal": true,
            "IsActive": true,
            "Minimized": true,
            "StopsOnLastFrame": false,
            "DeactivateAfterKeyUp": false,
            "OnlyLoadOneRandomItem": false,
            "DeactivateAfterSeconds": false,
            "DeactivateAfterSecondsAmount": 10.0,
            "FadeSecondsAmount": 0.009999999776482582,
            "OnScreenHotkeyColor": {
                "r": 1.0,
                "g": 1.0,
                "b": 1.0,
                "a": 1.0
            }
        },
        {
            "HotkeyID": "c5bc81ad60ef418097492d86f1b1e96f",
            "Name": "W+9 Lhandup",
            "Action": "ToggleExpression",
            "File": "Lhandup.exp3.json",
            "Folder": "",
            "Position": {
                "X": 0.0,
                "Y": 0.0,
                "Z": 0.0,
                "Rotation": 0.0
            },
            "ColorOverlay": {
                "On": false,
                "IsStaticColor": false,
                "Display": -1,
                "WindowName": "",
                "IncludeLeft": false,
                "IncludeMid": false,
                "IncludeRight": false,
                "BaseValue": 0,
                "OverlayValue": 0,
                "Smoothing": 0,
                "IncludeItems": false,
                "StaticColor": {
                    "r": 0.0,
                    "g": 0.0,
                    "b": 0.0,
                    "a": 1.0
                }
            },
            "ColorScreenMultiplyPreset": {
                "ArtMeshMultiplyAndScreenColors": []
            },
            "HandGestureSettings": {
                "GestureLeft": "",
                "GestureRight": "",
                "GestureCombinator": "AND",
                "AllowMirroredGesture": false,
                "DeactivateExpWhenGestureNotDetected": false,
                "SecondsUntilDetection": 0.5,
                "SecondsDetected": 0.0,
                "PercentDetected": 0.0
            },
            "LoadModelSettings": {
                "LoadAtCurrentPosition": true
            },
            "Triggers": {
                "Trigger1": "W",
                "Trigger2": "N9",
                "Trigger3": "",
                "ScreenButton": -1
            },
            "IsGlobal": true,
            "IsActive": true,
            "Minimized": true,
            "StopsOnLastFrame": false,
            "DeactivateAfterKeyUp": false,
            "OnlyLoadOneRandomItem": false,
            "DeactivateAfterSeconds": false,
            "DeactivateAfterSecondsAmount": 10.0,
            "FadeSecondsAmount": 0.009999999776482582,
            "OnScreenHotkeyColor": {
                "r": 1.0,
                "g": 1.0,
                "b": 1.0,
                "a": 1.0
            }
        },
        {
            "HotkeyID": "549d49ac149240fd97275f889ea5ca9a",
            "Name": "0 ALL CLEAR",
            "Action": "RemoveAllExpressions",
            "File": "",
            "Folder": "",
            "Position": {
                "X": 0.0,
                "Y": 0.0,
                "Z": 0.0,
                "Rotation": 0.0
            },
            "ColorOverlay": {
                "On": false,
                "IsStaticColor": false,
                "Display": -1,
                "WindowName": "",
                "IncludeLeft": false,
                "IncludeMid": false,
                "IncludeRight": false,
                "BaseValue": 0,
                "OverlayValue": 0,
                "Smoothing": 0,
                "IncludeItems": false,
                "StaticColor": {
                    "r": 0.0,
                    "g": 0.0,
                    "b": 0.0,
                    "a": 1.0
                }
            },
            "ColorScreenMultiplyPreset": {
                "ArtMeshMultiplyAndScreenColors": []
            },
            "HandGestureSettings": {
                "GestureLeft": "",
                "GestureRight": "",
                "GestureCombinator": "AND",
                "AllowMirroredGesture": false,
                "DeactivateExpWhenGestureNotDetected": false,
                "SecondsUntilDetection": 0.5,
                "SecondsDetected": 0.0,
                "PercentDetected": 0.0
            },
            "LoadModelSettings": {
                "LoadAtCurrentPosition": true
            },
            "Triggers": {
                "Trigger1": "N0",
                "Trigger2": "",
                "Trigger3": "",
                "ScreenButton": -1
            },
            "IsGlobal": true,
            "IsActive": true,
            "Minimized": true,
            "StopsOnLastFrame": false,
            "DeactivateAfterKeyUp": false,
            "OnlyLoadOneRandomItem": false,
            "DeactivateAfterSeconds": false,
            "DeactivateAfterSecondsAmount": 10.0,
            "FadeSecondsAmount": 0.5,
            "OnScreenHotkeyColor": {
                "r": 1.0,
                "g": 1.0,
                "b": 1.0,
                "a": 1.0
            }
        }
    ],
    "HotkeySettings": {
        "UseOnScreenHotkeys": false,
        "UseKeyboardHotkeys": true,
        "SendOnScreenHotkeysToPC": true,
        "OnScreenHotkeyAlpha": 75
    },
    "ArtMeshDetails": {
        "ArtMeshesExcludedFromPinning": [],
        "ArtMeshesThatDeleteItemsOnDrop": [],
        "ArtMeshSceneLightingMultipliers": [],
        "ArtMeshMultiplyAndScreenColors": []
    },
    "ParameterCustomization": {
        "ParametersExcludedFromVNetSmoothing": []
    },
    "PhysicsCustomizationSettings": {
        "PhysicsMultipliersPerPhysicsGroup": [],
        "WindMultipliersPerPhysicsGroup": [],
        "DraggingPhysicsMultipliersPerPhysicsGroup": []
    },
    "FolderInfo": {
        "HotkeyFolders": [],
        "ConfigItemFolders": []
    },
    "SavedActiveExpressions": []
}